source	line	text
2015-04-24 Indecomposability of Various Profinite Groups Arising from Hyperbolic Curves.pdf	737	[7] Y. Hoshi, Absolute Anabelian Cuspidalization of Conﬁguration Spaces of Proper
2015-04-24 Indecomposability of Various Profinite Groups Arising from Hyperbolic Curves.pdf	745	[10] Y. Hoshi and S. Mochizuki, Topics Surrounding the Combinatorial Anabelian Ge-
2015-04-24 Indecomposability of Various Profinite Groups Arising from Hyperbolic Curves.pdf	749	[11] Y. Hoshi and S. Mochizuki, Topics Surrounding the Combinatorial Anabelian Geom-
2015-04-24 Indecomposability of Various Profinite Groups Arising from Hyperbolic Curves.pdf	751	[12] Y. Hoshi and S. Mochizuki, Topics Surrounding the Combinatorial Anabelian Geom-
2015-04-24 Indecomposability of Various Profinite Groups Arising from Hyperbolic Curves.pdf	757	[15] S. Mochizuki, The Local Pro- p Anabelian Geometry of Curves, Invent. Math. 138
2015-04-24 Indecomposability of Various Profinite Groups Arising from Hyperbolic Curves.pdf	759	[16] S. Mochizuki, The Absolute Anabelian Geometry of Hyperbolic Curves, Galois The-
2015-04-24 Indecomposability of Various Profinite Groups Arising from Hyperbolic Curves.pdf	761	[17] S. Mochizuki, Absolute anabelian cuspidalizations of proper hyperbolic curves, J.
2015-04-24 Indecomposability of Various Profinite Groups Arising from Hyperbolic Curves.pdf	765	[18] S. Mochizuki, On the Combinatorial Cuspidalization of Hyperbolic Curves, Osaka J.
2015-04-24 Indecomposability of Various Profinite Groups Arising from Hyperbolic Curves.pdf	767	[19] S. Mochizuki, Topics in Absolute Anabelian Geometry I: Generalities, J. Math. Sci.
2015-04-24 Indecomposability of Various Profinite Groups Arising from Hyperbolic Curves.pdf	769	[20] S. Mochizuki and A. Tamagawa, The Algebraic and Anabelian Geometry of Conﬁg-
2015-10-18 Degeneration of Period Matices.pdf	2455	[HM1] Y. Hoshi, S. Mochizuki, On the combinatorial anabelian geometry
2015-10-18 Degeneration of Period Matices.pdf	2458	[HM2] Y. Hoshi, S. Mochizuki, Topics surrounding the combinatorial an-
2015-10-18 Degeneration of Period Matices.pdf	2474	[Moc1] S. Mochizuki, The geometry of the compacti
2015-10-18 Degeneration of Period Matices.pdf	2477	[Moc2] S. Mochizuki, The pro
2015-10-18 Degeneration of Period Matices.pdf	2481	[Moc3] S. Mochizuki, A combinatorial version of the Grothendieck conjec-
2015-10-18 Degeneration of Period Matices.pdf	2485	[Moc4] S. Mochizuki, On the Combinatorial Cuspidalization of Hyperbolic
2015-10-18 Degeneration of Period Matices.pdf	2487	[MT] S. Mochizuki, A. Tamagawa The algebraic and anabelian geometry
2018-03-12 Reconstruction of inertia groups associated to log divisors from a configuration space  group equipped with log-full subgroups.pdf	1898	[NodNon] Y. Hoshi and S. Mochizuki, On the combinatorial anabelian geometry of nodally non-
2018-03-12 Reconstruction of inertia groups associated to log divisors from a configuration space  group equipped with log-full subgroups.pdf	1900	[CbTpI] Y. Hoshi and S. Mochizuki, Topics surrounding the combinatorial anabelian geometry
2018-03-12 Reconstruction of inertia groups associated to log divisors from a configuration space  group equipped with log-full subgroups.pdf	1907	[Ind] A. Minamide, Indecomposability of Anabelian Pro
2018-03-12 Reconstruction of inertia groups associated to log divisors from a configuration space  group equipped with log-full subgroups.pdf	1910	[HMM] Y. Hoshi, A. Minamide and S. Mochizuki, Group-theoreticity of numerical invariants and
2018-03-12 Reconstruction of inertia groups associated to log divisors from a configuration space  group equipped with log-full subgroups.pdf	1913	[SemiAn] S. Mochizuki, Semi-graphs of Anabelioids, Publ. Res. Inst. Math. Sci. 42 (2006), 221-
2018-03-12 Reconstruction of inertia groups associated to log divisors from a configuration space  group equipped with log-full subgroups.pdf	1915	[CmbGC] S. Mochizuki, A combinatorial version of the Grothendieck conjecture, Tohoku Math
2018-03-12 Reconstruction of inertia groups associated to log divisors from a configuration space  group equipped with log-full subgroups.pdf	1917	[CmbCsp] S. Mochizuki, On the Combinatorial Cuspidalization of Hyperbolic Curves, Osaka J.
2018-03-12 Reconstruction of inertia groups associated to log divisors from a configuration space  group equipped with log-full subgroups.pdf	1919	[AbsTpII] S. Mochizuki, Topics in Absolute Anabelian Geometry II: Decomposition Groups and
2018-03-12 Reconstruction of inertia groups associated to log divisors from a configuration space  group equipped with log-full subgroups.pdf	1921	[MzTa] S. Mochizuki and A. Tamagawa, The Algebraic and Anabelian Geometry of Con
2018-05-07 Geometric version of the Grothendieck Conjecutre for universal curves over Hurwitz stacks.pdf	3802	[CbTpI] Y. Hoshi and S. Mochizuki, Topics surrounding the combinatorial an-
2018-05-07 Geometric version of the Grothendieck Conjecutre for universal curves over Hurwitz stacks.pdf	3806	[NodNon] Y. HoshiandS. Mochizuki, On thecombinatorialanabelian geometry
2018-05-07 Geometric version of the Grothendieck Conjecutre for universal curves over Hurwitz stacks.pdf	3818	[GCH] S. Mochizuki, The Geometry of the Compactiﬁcation of the Hurwitz
2018-05-07 Geometric version of the Grothendieck Conjecutre for universal curves over Hurwitz stacks.pdf	3820	[ExtFam] S. Mochizuki, Extending families of curves over log regular schemes,
2018-05-07 Geometric version of the Grothendieck Conjecutre for universal curves over Hurwitz stacks.pdf	3822	[LocAn] S. Mochizuki, The local pro-p anabelian geometry of curves,Invent.
2018-05-07 Geometric version of the Grothendieck Conjecutre for universal curves over Hurwitz stacks.pdf	3824	[SemiAn] S. Mochizuki, Semi-graphs of anabelioids,Publ. Res. Inst. Math. Sci.
2018-05-07 Geometric version of the Grothendieck Conjecutre for universal curves over Hurwitz stacks.pdf	3826	[CmbGC] S. Mochizuki, A combinatorial version of the Grothendieck Conjec-
2018-05-07 Geometric version of the Grothendieck Conjecutre for universal curves over Hurwitz stacks.pdf	3828	[CmbCsp] S. Mochizuki, On the combinatorial Cuspidalization of Hyperbolic
2018-05-07 Geometric version of the Grothendieck Conjecutre for universal curves over Hurwitz stacks.pdf	3830	[MT] S. Mochizuki and A. Tamagawa, The Algebraic and Anabelian Geometry
2019-02-24 Near miss abc-triples in compactly bounded subsets.pdf	2952	[GenEll] S. Mochizuki, Arithmetic Elliptic Curves in General Position, Math. J. Okayama
2019-02-24 Near miss abc-triples in compactly bounded subsets.pdf	2954	[IUTchIV] S. Mochizuki, Inter-universal Teichm uller Theory IV: Log-volume Computations
2020-11 Classical roots of IUT (marked up version).pdf	573	[IUTchI] S. Mochizuki, Inter-universal Teichm uller Theory I: Construction
2020-11 Classical roots of IUT (marked up version).pdf	576	[IUTchII] S. Mochizuki, Inter-universal Teichm uller Theory II: Hodge-Ara-
2020-11 Classical roots of IUT (marked up version).pdf	579	[IUTchIII] S. Mochizuki, Inter-universal Teichm uller Theory III: Canonical
2020-11 Classical roots of IUT (marked up version).pdf	582	[IUTchIV] S. Mochizuki, Inter-universal Teichm uller Theory IV: Log-volume
2020-11 Classical roots of IUT (marked up version).pdf	585	[Pano] S. Mochizuki, A Panoramic Overview of Inter-universal Teichm uller
2020-11 Classical roots of IUT (marked up version).pdf	588	[Alien] S. Mochizuki, The Mathematics of Mutually Alien Copies: from
2020-11 Classical roots of IUT.pdf	573	[IUTchI] S. Mochizuki, Inter-universal Teichm uller Theory I: Construction
2020-11 Classical roots of IUT.pdf	576	[IUTchII] S. Mochizuki, Inter-universal Teichm uller Theory II: Hodge-Ara-
2020-11 Classical roots of IUT.pdf	579	[IUTchIII] S. Mochizuki, Inter-universal Teichm uller Theory III: Canonical
2020-11 Classical roots of IUT.pdf	582	[IUTchIV] S. Mochizuki, Inter-universal Teichm uller Theory IV: Log-volume
2020-11 Classical roots of IUT.pdf	585	[Pano] S. Mochizuki, A Panoramic Overview of Inter-universal Teichm uller
2020-11 Classical roots of IUT.pdf	588	[Alien] S. Mochizuki, The Mathematics of Mutually Alien Copies: from
A Survey of the Hodge-Arakelov Theory of Elliptic Curves I.pdf	1821	[IN] Y.Ihara and H. Nakamura, Some illustrative examples for anabelian geometry
A Survey of the Hodge-Arakelov Theory of Elliptic Curves I.pdf	1830	SUR VEY OF HODGE-ARAKELOV THEORY 41
A Survey of the Hodge-Arakelov Theory of Elliptic Curves I.pdf	1836	[Mzk1] S. Mochizuki, The Hodge-Arakelov Theory of Elliptic Curves: Global Discretiza-
A Survey of the Hodge-Arakelov Theory of Elliptic Curves I.pdf	1838	[Mzk2] S. Mochizuki, The Scheme-Theoretic Theta Convolution, RIMS Preprint No.
A Survey of the Hodge-Arakelov Theory of Elliptic Curves I.pdf	1840	[Mzk3] S. Mochizuki, Connections and Related Integral Structures on the Universal
A Survey of the Hodge-Arakelov Theory of Elliptic Curves I.pdf	1842	[Mzk4] S. Mochizuki, The Galois-Theoretic Kodaira-Spencer Morphism of an Elliptic
A Survey of the Hodge-Arakelov Theory of Elliptic Curves I.pdf	1844	[Mzk5] S. Mochizuki, The Hodge-Arakelov Theory of Elliptic Curves in Positive Char-
A Survey of the Hodge-Arakelov Theory of Elliptic Curves I.pdf	1846	[Mzk6] S. Mochizuki, A Theory of Ordinary p-adic Curves, Publ. of RIMS 32 (1996),
A Survey of the Hodge-Arakelov Theory of Elliptic Curves I.pdf	1848	[Mzk7] S. Mochizuki, Foundations of p-adic Teichm¨uller Theory, AMS/IP Studies
A Survey of the Hodge-Arakelov Theory of Elliptic Curves I.pdf	1851	[Mzk8] S. Mochizuki, The Local Pro-p Anabelian Geometry of Curves,Inv. Math. 138
A Survey of the Hodge-Arakelov Theory of Elliptic Curves II.pdf	1502	[7] S .M oc h i z u k i ,The Hodge-Arakelov Theory of Elliptic Curves: Global Dis-
A Survey of the Hodge-Arakelov Theory of Elliptic Curves II.pdf	1510	[10] S. Mochizuki, The Galois-Theoretic Kodaira-Spencer Morphism of an El-
A Survey of the Hodge-Arakelov Theory of Elliptic Curves II.pdf	1512	[11] S. Mochizuki, The Hodge-Arakelov Theory of Elliptic Curves in Positive
A Survey of the Hodge-Arakelov Theory of Elliptic Curves II.pdf	1514	[12] S. Mochizuki, A Survey of the Hodge-Arakelov Theory of Elliptic Curves
A Survey of the Hodge-Arakelov Theory of Elliptic Curves II.pdf	1517	[13] S. Mochizuki, A Theory of Ordinary p-adic Curves, Publ. of RIMS 32
A Survey of the Hodge-Arakelov Theory of Elliptic Curves II.pdf	1519	[14] S. Mochizuki, Foundations of p-adic Teichm¨uller Theory , AMS/IP
A Survey of the Hodge-Arakelov Theory of Elliptic Curves II.pdf	1523	34 S. Mochizuki
A Survey of the Hodge-Arakelov Theory of Elliptic Curves II.pdf	1524	[15] S. Mochizuki, The Proﬁnite Grothendieck Conjecture for Closed Hyper-
A Survey of the Hodge-Arakelov Theory of Elliptic Curves II.pdf	1527	[16] S. Mochizuki, The Local Pro-pAnabelian GeometryofCurves,Inv. Math.
A Survey of the Hodge-Arakelov Theory of Elliptic Curves II.pdf	1529	[17] S. Mochizuki, Global Anabelian Geometry in the Hodge-Arakelov Theory
A Theory of Ordinary p-adic Curves (comments).pdf	86	[pOrd] S. Mochizuki, A Theory of Ordinaryp-adic Curves,Publ. Res. Inst. Math. Sci.
A Theory of Ordinary p-adic Curves (comments).pdf	88	[AbsTpII] S.Mochizuki,TopicsinAbsoluteAnabelianGeometryII:DecompositionGroups
A Theory of Ordinary p-adic Curves.pdf	8092	[Mzk] S. Mochizuki, The Geometry of the Compactiﬁcation of the Hurwitz Scheme, Publ. of RIMS 31, No. 3
A Version of the Grothendieck Conjecture for p-adic Local Fields.pdf	357	[7] S. Mochizuki, The Local Pro-p Grothendieck Conjecture for Hyperbolic Curves , RIMS
Absolute Anabelian Cuspidalizations (LaTeX version).pdf	5582	Absolute Anabelian Cuspidalizations of Proper Hyperbolic Curves 93
Absolute Anabelian Cuspidalizations (LaTeX version).pdf	5598	[Mzk1] S. Mochizuki, Correspondences on Hyperbolic Curves, Journ. Pure
Absolute Anabelian Cuspidalizations (LaTeX version).pdf	5600	[Mzk2] S. Mochizuki, Foundations of p-adic Teichm¨uller Theory , AMS/IP
Absolute Anabelian Cuspidalizations (LaTeX version).pdf	5603	[Mzk3] S. Mochizuki, A Version of the Grothendieck Conjecture for p-adic Lo-
Absolute Anabelian Cuspidalizations (LaTeX version).pdf	5605	[Mzk4] S. Mochizuki, The Local Pro-p Anabelian Geometry of Curves, Invent.
Absolute Anabelian Cuspidalizations (LaTeX version).pdf	5607	[Mzk5] S. Mochizuki, The Absolute Anabelian Geometry of Hyperbolic Curves,
Absolute Anabelian Cuspidalizations (LaTeX version).pdf	5610	[Mzk6] S. Mochizuki, The Absolute Anabelian Geometry of Canonical Curves,
Absolute Anabelian Cuspidalizations (LaTeX version).pdf	5612	[Mzk7] S. Mochizuki, Topics Surrounding the Anabelian Geometry of Hy-
Absolute Anabelian Cuspidalizations (LaTeX version).pdf	5616	[Mzk8] S. Mochizuki, Galois Sections in Absolute Anabelian Geometry,Nagoya
Absolute Anabelian Cuspidalizations (LaTeX version).pdf	5618	[Mzk9] S. Mochizuki, A Combinatorial Version of the Grothendieck Conjecture,
Absolute Anabelian Cuspidalizations (LaTeX version).pdf	5621	94 Shinichi Mochizuki
Absolute Anabelian Cuspidalizations.pdf	5541	[Mzk1] S. Mochizuki, Correspondences on Hyperbolic Curves, Journ. Pure Appl. Al-
Absolute Anabelian Cuspidalizations.pdf	5543	[Mzk2] S. Mochizuki, Foundations of p-adic Teichm¨uller Theory, AMS/IP Studies
Absolute Anabelian Cuspidalizations.pdf	5546	[Mzk3] S. Mochizuki, A Version of the Grothendieck Conjecture forp-adic Local Fields,
Absolute Anabelian Cuspidalizations.pdf	5548	[Mzk4] S. Mochizuki, The Local Pro-p Anabelian Geometry of Curves, Invent. Math.
Absolute Anabelian Cuspidalizations.pdf	5550	[Mzk5] S. Mochizuki, The Absolute Anabelian Geometry of Hyperbolic Curves,Galois
Absolute Anabelian Cuspidalizations.pdf	5552	[Mzk6] S. Mochizuki, The Absolute Anabelian Geometry of Canonical Curves,Kazuya
Absolute Anabelian Cuspidalizations.pdf	5554	[Mzk7] S. Mochizuki, Topics Surrounding the Anabelian Geometry of Hyperbolic Curves,
Absolute Anabelian Cuspidalizations.pdf	5557	[Mzk8] S. Mochizuki, Galois Sections in Absolute Anabelian Geometry,Nagoya Math.
Absolute Anabelian Cuspidalizations.pdf	5559	[Mzk9] S. Mochizuki, A Combinatorial Version of the Grothendieck Conjecture, RIMS
Absolute Anabelian Cuspidalizations.pdf	5562	ABSOLUTE ANABELIAN CUSPIDALIZATIONS 87
Absolute Anabelian Geometry.pdf	2880	44 SHINICHI MOCHIZUKI
Absolute Anabelian Geometry.pdf	2883	[Mzk1] S. Mochizuki, A Theory of Ordinary p-adic Curves, Publ. of RIMS 32 (1996), pp.
Absolute Anabelian Geometry.pdf	2885	[Mzk2] S. Mochizuki, Foundations of p-adic Teichm¨uller Theory , AMS/IP Studies in
Absolute Anabelian Geometry.pdf	2888	[Mzk3] S. Mochizuki, The Geometry of the Compactiﬁcation of the Hurwitz Scheme, Publ.
Absolute Anabelian Geometry.pdf	2890	[Mzk4] S. Mochizuki, The Proﬁnite Grothendieck Conjecture for Closed Hyperbolic Curves
Absolute Anabelian Geometry.pdf	2892	[Mzk5] S. Mochizuki, A Version of the Grothendieck Conjecture for p-adic Local Fields,
Absolute Anabelian Geometry.pdf	2894	[Mzk6] S. Mochizuki, The Local Pro-p Anabelian Geometry of Curves, Invent. Math. 138
Absolute Anabelian Geometry.pdf	2901	[NTM] H. Nakamura, A. Tamagawa, and S. Mochizuki, The Grothendieck Conjecture on
Absolute Anabelian Geometry.pdf	2918	ABSOLUTE ANABELIAN GEOMETR Y 45
Alien Copies, Gaussians, and Inter-universal Teichmuller Theory.pdf	7733	166 Shinichi Mochizuki
Alien Copies, Gaussians, and Inter-universal Teichmuller Theory.pdf	7741	nonarchimedean theta-functions, notes on the work of Shinichi Mochizuki,Eur. J.
Alien Copies, Gaussians, and Inter-universal Teichmuller Theory.pdf	7748	[NodNon] Y. Hoshi, S. Mochizuki, On the Combinatorial Anabelian Geometry of Nodally
Alien Copies, Gaussians, and Inter-universal Teichmuller Theory.pdf	7750	[CbTpII] Y. Hoshi, S. Mochizuki,Topics Surrounding the Combinatorial Anabelian Geometry
Alien Copies, Gaussians, and Inter-universal Teichmuller Theory.pdf	7766	[pOrd] S. Mochizuki, A Theory of Ordinaryp-adic Curves,Publ. Res. Inst. Math. Sci.32
Alien Copies, Gaussians, and Inter-universal Teichmuller Theory.pdf	7768	[PrfGC] S. Mochizuki, The Proﬁnite Grothendieck Conjecture for Closed Hyperbolic Curves
Alien Copies, Gaussians, and Inter-universal Teichmuller Theory.pdf	7770	[QpGC] S. Mochizuki, A Version of the Grothendieck Conjecture forp-adic Local Fields,
Alien Copies, Gaussians, and Inter-universal Teichmuller Theory.pdf	7772	[pTch] S. Mochizuki,Foundations ofp-adic Teichm¨uller Theory, AMS/IP Studies in Ad-
Alien Copies, Gaussians, and Inter-universal Teichmuller Theory.pdf	7774	[pGC] S. Mochizuki, The Local Pro-p Anabelian Geometry of Curves,Invent. Math.138
Alien Copies, Gaussians, and Inter-universal Teichmuller Theory.pdf	7776	[HASurI] S. Mochizuki, A Survey of the Hodge-Arakelov Theory of Elliptic Curves I,Arith-
Alien Copies, Gaussians, and Inter-universal Teichmuller Theory.pdf	7779	[HASurII] S. Mochizuki, A Survey of the Hodge-Arakelov Theory of Elliptic Curves II,Al-
Alien Copies, Gaussians, and Inter-universal Teichmuller Theory.pdf	7782	[pTchIn] S.Mochizuki,AnIntroductionto p-adicTeichm¨ullerTheory, Cohomologiesp-adiques
Alien Copies, Gaussians, and Inter-universal Teichmuller Theory.pdf	7784	[CanLift] S. Mochizuki, The Absolute Anabelian Geometry of Canonical Curves, Kazuya
Alien Copies, Gaussians, and Inter-universal Teichmuller Theory.pdf	7786	[GeoAnbd] S. Mochizuki, The Geometry of Anabelioids,Publ. Res. Inst. Math. Sci.40 (2004),
Alien Copies, Gaussians, and Inter-universal Teichmuller Theory.pdf	7788	[AbsAnab] S. Mochizuki, The Absolute Anabelian Geometry of Hyperbolic Curves,Galois The-
Alien Copies, Gaussians, and Inter-universal Teichmuller Theory.pdf	7790	[NCBelyi] S. Mochizuki, Noncritical Belyi Maps,M a t h .J .O k a y a m aU n i v .46 (2004), pp. 105-
Alien Copies, Gaussians, and Inter-universal Teichmuller Theory.pdf	7792	[QuCnf] S. Mochizuki, Conformal and quasiconformal categorical representation of hyper-
Alien Copies, Gaussians, and Inter-universal Teichmuller Theory.pdf	7794	[Semi] S. Mochizuki, Semi-graphs of Anabelioids,Publ. Res. Inst. Math. Sci.42 (2006),
Alien Copies, Gaussians, and Inter-universal Teichmuller Theory.pdf	7797	168 Shinichi Mochizuki
Alien Copies, Gaussians, and Inter-universal Teichmuller Theory.pdf	7798	[Cusp] S. Mochizuki, Absolute anabelian cuspidalizations of proper hyperbolic curves,J.
Alien Copies, Gaussians, and Inter-universal Teichmuller Theory.pdf	7800	[MT] S. Mochizuki, A. Tamagawa, The algebraic and anabelian geometry of conﬁguration
Alien Copies, Gaussians, and Inter-universal Teichmuller Theory.pdf	7802	[FrdI] S. Mochizuki, The Geometry of Frobenioids I: The General Theory, Kyushu J.
Alien Copies, Gaussians, and Inter-universal Teichmuller Theory.pdf	7804	[FrdII] S. Mochizuki, The Geometry of Frobenioids II: Poly-Frobenioids,Kyushu J. Math.
Alien Copies, Gaussians, and Inter-universal Teichmuller Theory.pdf	7806	[EtTh] S. Mochizuki, The ´Etale Theta Function and its Frobenioid-theoretic Manifesta-
Alien Copies, Gaussians, and Inter-universal Teichmuller Theory.pdf	7808	[GenEll] S. Mochizuki, Arithmetic Elliptic Curves in General Position,Math. J. Okayama
Alien Copies, Gaussians, and Inter-universal Teichmuller Theory.pdf	7810	[CombCusp] S. Mochizuki, On the Combinatorial Cuspidalization of Hyperbolic Curves,Osaka
Alien Copies, Gaussians, and Inter-universal Teichmuller Theory.pdf	7812	[AbsTopI] S. Mochizuki, Topics in Absolute Anabelian Geometry I: Generalities,J. Math. Sci.
Alien Copies, Gaussians, and Inter-universal Teichmuller Theory.pdf	7814	[AbsTopII] S. Mochizuki, Topics in Absolute Anabelian Geometry II: Decomposition Groups
Alien Copies, Gaussians, and Inter-universal Teichmuller Theory.pdf	7816	[Pano] S. Mochizuki, A Panoramic Overview of Inter-universal Teichm¨uller Theory,Alge-
Alien Copies, Gaussians, and Inter-universal Teichmuller Theory.pdf	7819	[AbsTopIII] S. Mochizuki, Topics in Absolute Anabelian Geometry III: Global Reconstruction
Alien Copies, Gaussians, and Inter-universal Teichmuller Theory.pdf	7821	[BogIUT] S. Mochizuki, Bogomolov’s proof of the geometric version of the Szpiro Conjecture
Alien Copies, Gaussians, and Inter-universal Teichmuller Theory.pdf	7824	[IUTchI] S. Mochizuki, Inter-universal Teichm¨uller Theory I: Construction of Hodge The-
Alien Copies, Gaussians, and Inter-universal Teichmuller Theory.pdf	7827	[IUTchII] S.Mochizuki, Inter-universal Teichm¨uller Theory II: Hodge-Arakelov-theoretic Eval-
Alien Copies, Gaussians, and Inter-universal Teichmuller Theory.pdf	7832	[IUTchIII] S. Mochizuki, Inter-universal Teichm¨uller Theory III: Canonical Splittings of the
Alien Copies, Gaussians, and Inter-universal Teichmuller Theory.pdf	7835	[IUTchIV] S. Mochizuki, Inter-universal Teichm¨uller Theory IV: Log-volume Computations
Alien Copies, Gaussians, and Inter-universal Teichmuller Theory.pdf	7847	[PopBog] F. Pop, On the birational anabelian program initiated by Bogomolov I,Invent.
Alien Copies, Gaussians, and Inter-universal Teichmuller Theory.pdf	7864	170 Shinichi Mochizuki
An explicit formula for the generic number of dormant indigenous bundles.pdf	1575	[18] Kirti Joshi, C. Pauly, Hitchin-Mochizuki morphism, opers and Frobenius-destabilized
An explicit formula for the generic number of dormant indigenous bundles.pdf	1584	[22] F. Liu, B. Osserman, Mochizuki’s indigenous bundles and Ehrhart polynomials. J. Alge-
An explicit formula for the generic number of dormant indigenous bundles.pdf	1597	[29] S. Mochizuki, A theory of ordinary p-adic curves. Publ. RIMS 32 (1996), pp. 957-1151.
An explicit formula for the generic number of dormant indigenous bundles.pdf	1598	[30] S. Mochizuki, Foundations of p-adic Teichm¨uller theory. American Mathematical Society,
An explicit formula for the generic number of dormant indigenous bundles.pdf	1602	[32] B. Osserman, Mochizuki’s crys-stable bundles: A lexicon and applications. Publ. Res.
An Introduction to p-adic Teichmuller Theory (comments).pdf	84	[3] S.Mochizuki,TopicsinAbsoluteAnabelianGeometryII:DecompositionGroups
An Introduction to p-adic Teichmuller Theory.pdf	2125	[Mzk1] S. Mochizuki, A Theory of Ordinary p-adic Curves, Publ. RIMS, Kyoto Univ.32, No.
An Introduction to p-adic Teichmuller Theory.pdf	2127	[Mzk2] S. Mochizuki, Foundations of p-adic Teichm¨uller Theory, to be published by Interna-
An Introduction to p-adic Teichmuller Theory.pdf	2129	[Mzk3] S. Mochizuki, Correspondences on Hyperbolic Curves, Jour. Pure Appl. Algebra131,
Anabelian Geometry in the Hodge-Arakelov Theory of Elliptic Curves (Kokyuroku 2002).pdf	610	[Mzk1] S. Mochizuki, The Hodge-Arakelov Theory of Elliptic Curves: Global Discretiza-
Anabelian Geometry in the Hodge-Arakelov Theory of Elliptic Curves (Kokyuroku 2002).pdf	612	[Mzk2] S. Mochizuki, The Scheme-Theoretic Theta Convolution, RIMS Preprint No.
Anabelian Geometry in the Hodge-Arakelov Theory of Elliptic Curves (Kokyuroku 2002).pdf	615	16 SHINICHI MOCHIZUKI （望月 新一）
Anabelian Geometry in the Hodge-Arakelov Theory of Elliptic Curves (Kokyuroku 2002).pdf	616	[Mzk3] S. Mochizuki, Connections and Related Integral Structures on the Universal
Anabelian Geometry in the Hodge-Arakelov Theory of Elliptic Curves (Kokyuroku 2002).pdf	618	[Mzk4] S. Mochizuki, The Galois-Theoretic Kodaira-Spencer Morphism of an Elliptic
Anabelian Geometry in the Hodge-Arakelov Theory of Elliptic Curves (Kokyuroku 2002).pdf	620	[Mzk5] S. Mochizuki, The Hodge-Arakelov Theory of Elliptic Curves in Positive Char-
Anabelian Geometry in the Hodge-Arakelov Theory of Elliptic Curves (Kokyuroku 2002).pdf	622	[Mzk6] S. Mochizuki, A Survey of the Hodge-Arakelov Theory of Elliptic Curves I, to
Anabelian Geometry in the Hodge-Arakelov Theory of Elliptic Curves (Kokyuroku 2002).pdf	625	[Mzk7] S. Mochizuki, A Survey of the Hodge-Arakelov Theory of Elliptic Curves II ,
Anabelian Geometry in the Hodge-Arakelov Theory of Elliptic Curves (Kokyuroku 2002).pdf	627	[Mzk9] S. Mochizuki, A Theory of Ordinary p-adic Curves, Publ. of RIMS 32 (1996),
Anabelian Geometry in the Hodge-Arakelov Theory of Elliptic Curves (Kokyuroku 2002).pdf	629	[Mzk10] S. Mochizuki, Foundations of p-adic Teichm¨uller Theory, AMS/IP Studies
Anabelian Geometry in the Hodge-Arakelov Theory of Elliptic Curves (Kokyuroku 2002).pdf	632	[Mzk11] S. Mochizuki, Correspondences on Hyperbolic Curves, Journ. Pure Appl. Al-
Anabelian Geometry in the Hodge-Arakelov Theory of Elliptic Curves (Kokyuroku 2002).pdf	634	[Mzk12] S. Mochizuki, The Geometry of the Compactiﬁcation of the Hurwitz Scheme,
Anabelian Geometry in the Hodge-Arakelov Theory of Elliptic Curves (Kokyuroku 2002).pdf	636	[Mzk13] S. Mochizuki, The Proﬁnite Grothendieck Conjecture for Closed Hyperbolic
Anabelian Geometry in the Hodge-Arakelov Theory of Elliptic Curves (Kokyuroku 2002).pdf	638	[Mzk14] S. Mochizuki, A Version of the Grothendieck Conjecture forp-adic Local Fields,
Anabelian Geometry in the Hodge-Arakelov Theory of Elliptic Curves (Kokyuroku 2002).pdf	640	[Mzk15] S. Mochizuki, The Local Pro-p Anabelian Geometry of Curves, Invent. Math.
Anabelian Geometry in the Hodge-Arakelov Theory of Elliptic Curves (Kokyuroku 2002).pdf	642	[Mzk16] S. Mochizuki, Global Anabelian Geometry in the Hodge-Arakelov Theory of
Arithmetic Elliptic Curves in General Position.pdf	1438	[Mzk1] S. Mochizuki, Noncritical Belyi Maps, Math. J. Okayama Univ.46 (2004), pp.
Arithmetic Elliptic Curves in General Position.pdf	1440	[Mzk2] S. Mochizuki, Galois Sections in Absolute Anabelian Geometry,Nagoya Math.
Arithmetic Elliptic Curves in General Position.pdf	1442	[Mzk3] S. Mochizuki, Absolute anabelian cuspidalizations of proper hyperbolic curves,
Arithmetic Elliptic Curves in General Position.pdf	1444	[Mzk4] S. Mochizuki, Topics in Absolute Anabelian Geometry II: Decomposition Groups,
Bogomolov from the Point of View of Inter-universal Teichmuller Theory.pdf	1370	[HASurI] S. Mochizuki, A Survey of the Hodge-Arakelov Theory of Elliptic Curves I,
Bogomolov from the Point of View of Inter-universal Teichmuller Theory.pdf	1374	[HASurII] S. Mochizuki, A Survey of the Hodge-Arakelov Theory of Elliptic Curves II,
Bogomolov from the Point of View of Inter-universal Teichmuller Theory.pdf	1377	[EtTh] S. Mochizuki, The´Etale Theta Function and its Frobenioid-theoretic Manifes-
Bogomolov from the Point of View of Inter-universal Teichmuller Theory.pdf	1379	[AbsTopIII] S. Mochizuki, Topics in Absolute Anabelian Geometry III: Global Reconstruc-
Bogomolov from the Point of View of Inter-universal Teichmuller Theory.pdf	1381	[IUTchI] S. Mochizuki, Inter-universal Teichm¨uller Theory I: Construction of Hodge
Bogomolov from the Point of View of Inter-universal Teichmuller Theory.pdf	1383	[IUTchII] S. Mochizuki,Inter-universal Teichm¨uller Theory II: Hodge-Arakelov-theoretic
Bogomolov from the Point of View of Inter-universal Teichmuller Theory.pdf	1385	[IUTchIII] S. Mochizuki, Inter-universal Teichm¨uller Theory III: Canonical Splittings of
Bogomolov from the Point of View of Inter-universal Teichmuller Theory.pdf	1387	[IUTchIV] S. Mochizuki, Inter-universal Teichm¨uller Theory IV: Log-volume Computa-
Canonical Liftings.pdf	1468	[Mzk1] S. Mochizuki, A Theory of Ordinary p-adic Curves, Publ. of RIMS 32
Canonical Liftings.pdf	1470	[Mzk2] S. Mochizuki, Foundations of p-adic Teichm¨uller Theory , AMS/IP
Canonical Liftings.pdf	1474	34 Shinichi Mochizuki
Canonical Liftings.pdf	1475	[Mzk3] S. Mochizuki, Correspondences on Hyperbolic Curves, Journ. Pure Appl.
Canonical Liftings.pdf	1477	[Mzk4] S. Mochizuki, The Geometry of the Compactiﬁcation of the Hurwitz
Canonical Liftings.pdf	1479	[Mzk5] S. Mochizuki, The Proﬁnite Grothendieck Conjecture for Closed Hyper-
Canonical Liftings.pdf	1482	[Mzk6] S. Mochizuki, The Local Pro-p Anabelian Geometry of Curves, Invent.
Canonical Liftings.pdf	1484	[Mzk7] S. Mochizuki, The Absolute Anabelian Geometry of Hyperbolic Curves ,
Canonical Liftings.pdf	1486	[NTM] H. Nakamura, A. Tamagawa, and S. Mochizuki, The Grothendieck Conjec-
Categorical Representation of Locally Noetherian Log Schemes (comments).pdf	37	[ArLgSch] S. Mochizuki, Categories of log schemes with archimedean structures,J. Math.
Categorical Representation of Locally Noetherian Log Schemes (comments).pdf	39	[MnLgSch] S. Mochizuki, Monomorphisms in Categories of Log Schemes, preprint.
Categorical Representation of Locally Noetherian Log Schemes.pdf	1305	[Mzk] S. Mochizuki, The Local Pro- p Anabelian Geometry of Curves, Invent. Math.
Categorical Representation of Locally Noetherian Log Schemes.pdf	1307	[NTM] H. Nakamura, A. Tamagawa, and S. Mochizuki, The Grothendieck Conjec-
Categories of Hyperbolic Riemann Surfaces.pdf	2176	[Mzk1] S. Mochizuki, Foundations of p-adic Teichm¨uller Theory, AMS/IP Studies
Categories of Hyperbolic Riemann Surfaces.pdf	2179	[Mzk2] S. Mochizuki, Categorical Representation of Locally Noetherian Log Schemes,
Categories of Hyperbolic Riemann Surfaces.pdf	2181	[Mzk3] S. Mochizuki, A Version of the Grothendieck Conjecture forp-adic Local Fields,
Categories of Hyperbolic Riemann Surfaces.pdf	2183	[Mzk4] S. Mochizuki, The Local Pro-p Anabelian Geometry of Curves, Invent. Math.
Categories of Hyperbolic Riemann Surfaces.pdf	2185	[Mzk5] S. Mochizuki, Topics Surrounding the Anabelian Geometry of Hyperbolic Curves,
Categories of Hyperbolic Riemann Surfaces.pdf	2188	[Mzk6] S. Mochizuki, The Absolute Anabelian Geometry of Hyperbolic Curves,Galois
Categories of Hyperbolic Riemann Surfaces.pdf	2190	[Mzk7] S. Mochizuki, The Absolute Anabelian Geometry of Canonical Curves,Kazuya
Categories of Hyperbolic Riemann Surfaces.pdf	2192	[Mzk8] S. Mochizuki, The Geometry of Anabelioids, Publ. Res. Inst. Math. Sci. 40
Categories of Hyperbolic Riemann Surfaces.pdf	2194	[Mzk9] S. Mochizuki, Galois Sections in Absolute Anabelian Geometry,Nagoya Math.
Categories of Hyperbolic Riemann Surfaces.pdf	2196	[Mzk10] S. Mochizuki, Categories of log schemes with Archimedean Structures,J. Math.
Categories of Hyperbolic Riemann Surfaces.pdf	2198	[Mzk11] S. Mochizuki, Semi-graphs of Anabelioids, RIMS Preprint1477 (October 2004),
Categories of Hyperbolic Riemann Surfaces.pdf	2200	[Mzk12] S. Mochizuki, Absolute Anabelian Cuspidalizations of Proper Hyperbolic Curves,
Categories of Log Schemes with Archimedean Structures (comments).pdf	20	[LgSch] S. Mochizuki, Categorical representation of locally noetherian log schemes,
Categories of Log Schemes with Archimedean Structures (comments).pdf	22	[MnLgSch] S. Mochizuki, Monomorphisms in Categories of Log Schemes, preprint.
Categories of Log Schemes with Archimedean Structures (LaTeX version).pdf	1741	[Mzk1] S. Mochizuki, Foundations of p-adic Teichm¨uller Theory , AMS/IP
Categories of Log Schemes with Archimedean Structures (LaTeX version).pdf	1744	[Mzk2] S. Mochizuki, Categorical Representation of Locally Noetherian Log
Categories of Log Schemes with Archimedean Structures.pdf	1726	[Mzk1] S. Mochizuki, Foundations of p-adic Teichm¨uller Theory, AMS/IP Studies
Categories of Log Schemes with Archimedean Structures.pdf	1729	[Mzk2] S. Mochizuki, Categorical Representation of Locally Noetherian Log Schemes,
Classical roots of IUT (marked up version 2021-12-14).pdf	573	[IUTchI] S. Mochizuki, Inter-universal Teichm uller Theory I: Construction
Classical roots of IUT (marked up version 2021-12-14).pdf	576	[IUTchII] S. Mochizuki, Inter-universal Teichm uller Theory II: Hodge-Ara-
Classical roots of IUT (marked up version 2021-12-14).pdf	579	[IUTchIII] S. Mochizuki, Inter-universal Teichm uller Theory III: Canonical
Classical roots of IUT (marked up version 2021-12-14).pdf	582	[IUTchIV] S. Mochizuki, Inter-universal Teichm uller Theory IV: Log-volume
Classical roots of IUT (marked up version 2021-12-14).pdf	585	[Pano] S. Mochizuki, A Panoramic Overview of Inter-universal Teichm uller
Classical roots of IUT (marked up version 2021-12-14).pdf	588	[Alien] S. Mochizuki, The Mathematics of Mutually Alien Copies: from
Combinatorial absolute Galois groups.pdf	5541	[Hsh2] Y. Hoshi, The absolute anabelian geometry of quasi-tripods,Kyoto J.
Combinatorial absolute Galois groups.pdf	5543	[CbGT] Y. Hoshi, A. Minamide, and S. Mochizuki, Group-theoreticity of
Combinatorial absolute Galois groups.pdf	5548	[CbTpI] Y. Hoshi and S. Mochizuki, Topics surrounding the combinatorial an-
Combinatorial absolute Galois groups.pdf	5552	[CbTpII] Y. Hoshi and S. Mochizuki, Topics surrounding the combinatorial an-
Combinatorial absolute Galois groups.pdf	5561	[LocAn] S. Mochizuki, The local pro-p anabelian geometry of curves,Invent.
Combinatorial absolute Galois groups.pdf	5563	[NCBel] S. Mochizuki, Noncritical Belyi Maps, Math. J. Okayama Univ. 46
Combinatorial absolute Galois groups.pdf	5565	[AbsAnab] S.Mochizuki, Theabsoluteanabeliangeometryofhyperboliccurves,
Combinatorial absolute Galois groups.pdf	5568	[AnabTop] S. Mochizuki, Topics surrounding the anabelian geometry of hyper-
Combinatorial absolute Galois groups.pdf	5571	[CmbGC] S. Mochizuki, A combinatorial version of the Grothendieck conjec-
Combinatorial absolute Galois groups.pdf	5573	[AbsCsp] S. Mochizuki, Absolute anabelian cuspidalizations of proper hyper-
Combinatorial absolute Galois groups.pdf	5575	[CmbCsp] S. Mochizuki, On the combinatorial cuspidalization of hyperbolic
Combinatorial absolute Galois groups.pdf	5577	[AbsTopI] S. Mochizuki, Topics in absolute anabelian geometry I: Generalities,
Combinatorial absolute Galois groups.pdf	5579	[AbsTopII] S. Mochizuki, Topics in absolute anabelian geometry II: Decompo-
Combinatorial absolute Galois groups.pdf	5582	[AbsTopIII] S. Mochizuki, Topics in absolute anabelian geometry III: Global
Combinatorial absolute Galois groups.pdf	5587	[MT] S. Mochizuki and A. Tamagawa, The algebraic and anabelian geometry
Combinatorial absolute Galois groups.pdf	5604	(Shinichi Mochizuki) Research Institute for Mathematical Sciences, Kyoto
Combinatorial Anabelian Topics I.pdf	8046	[Hsh] Y. Hoshi, Absolute anabelian cuspidalizations of conﬁguration spaces of
Combinatorial Anabelian Topics I.pdf	8049	[NodNon] Y. Hoshi and S. Mochizuki, On the combinatorial anabelian geometry
Combinatorial Anabelian Topics I.pdf	8061	[CorHyp] S. Mochizuki, Correspondences on Hyperbolic Curves,J. Pure Appl.
Combinatorial Anabelian Topics I.pdf	8063	[LocAn] S. Mochizuki, The local pro-p anabelian geometry of curves, Invent.
Combinatorial Anabelian Topics I.pdf	8065	[ExtFam] S. Mochizuki, Extending families of curves over log regular schemes,
Combinatorial Anabelian Topics I.pdf	8067	[AbsHyp] S. Mochizuki, The absolute anabelian geometry of hyperbolic curves,
Combinatorial Anabelian Topics I.pdf	8070	[GalSct] S. Mochizuki, Galois sections in absolute anabelian geometry,Nagoya
Combinatorial Anabelian Topics I.pdf	8073	154 Yuichiro Hoshi and Shinichi Mochizuki
Combinatorial Anabelian Topics I.pdf	8074	[SemiAn] S. Mochizuki, Semi-graphs of anabelioids,Publ. Res. Inst. Math. Sci.
Combinatorial Anabelian Topics I.pdf	8076	[CmbGC] S.Mochizuki, AcombinatorialversionoftheGrothendieckconjecture,
Combinatorial Anabelian Topics I.pdf	8078	[AbsCsp] S. Mochizuki, Absolute anabelian cuspidalizations of proper hyper-
Combinatorial Anabelian Topics I.pdf	8080	[CmbCsp] S. Mochizuki, On the Combinatorial Cuspidalization of Hyperbolic
Combinatorial Anabelian Topics I.pdf	8082	[MT] S. Mochizuki and A. Tamagawa, The Algebraic and Anabelian Geometry
Combinatorial Anabelian Topics I.pdf	8092	(Shinichi Mochizuki)Research Institute for Mathematical Sciences, Kyoto Univer-
Combinatorial Anabelian Topics II.pdf	10064	[Hsh] Y. Hoshi, Absolute anabelian cuspidalizations of conﬁguration spaces of
Combinatorial Anabelian Topics II.pdf	10067	[NodNon] Y. Hoshi and S. Mochizuki, On the combinatorial anabelian geometry of
Combinatorial Anabelian Topics II.pdf	10070	[CbTpI] Y. Hoshi and S. Mochizuki, Topics surrounding the combinatorial an-
Combinatorial Anabelian Topics II.pdf	10079	[LocAn] S. Mochizuki, The local pro- p anabelian geometry of curves, Invent. Math.
Combinatorial Anabelian Topics II.pdf	10081	[ExtFam] S. Mochizuki, Extending families of curves over log regular schemes, J.
Combinatorial Anabelian Topics II.pdf	10083	[SemiAn] S. Mochizuki, Semi-graphs of anabelioids, Publ. Res. Inst. Math. Sci.42
Combinatorial Anabelian Topics II.pdf	10085	[CmbGC] S. Mochizuki, A combinatorial version of the Grothendieck conjecture,
Combinatorial Anabelian Topics II.pdf	10087	[AbsCsp] S. Mochizuki, Absolute anabelian cuspidalizations of proper hyperbolic
Combinatorial Anabelian Topics II.pdf	10089	[AbsTpI] S. Mochizuki, Topics in Absolute Anabelian Geometry I: Generalities, J.
Combinatorial Anabelian Topics II.pdf	10091	[CmbCsp] S. Mochizuki, On the Combinatorial Cuspidalization of Hyperbolic
Combinatorial Anabelian Topics II.pdf	10093	[MzTa] S. Mochizuki and A. Tamagawa, The Algebraic and Anabelian Geometry
Combinatorial Anabelian Topics III.pdf	7041	[Hsh] Y. Hoshi, Absolute anabelian cuspidalizations of conﬁguration spaces of
Combinatorial Anabelian Topics III.pdf	7044	[NodNon] Y. Hoshi and S. Mochizuki, On the combinatorial anabelian geometry of
Combinatorial Anabelian Topics III.pdf	7047	[CbTpI] Y. Hoshi and S. Mochizuki, Topics surrounding the combinatorial an-
Combinatorial Anabelian Topics III.pdf	7051	[CbTpII] Y. Hoshi and S. Mochizuki, Topics surrounding the combinatorial an-
Combinatorial Anabelian Topics III.pdf	7054	[CbTpIV] Y. Hoshi and S. Mochizuki, Topics surrounding the combinatorial an-
Combinatorial Anabelian Topics III.pdf	7057	[ExtFam] S. Mochizuki, Extending families of curves over log regular schemes, J.
Combinatorial Anabelian Topics III.pdf	7059	[AbsHyp] S. Mochizuki, The absolute anabelian geometry of hyperbolic curves,
Combinatorial Anabelian Topics III.pdf	7062	[SemiAn] S. Mochizuki, Semi-graphs of anabelioids, Publ. Res. Inst. Math. Sci. 42
Combinatorial Anabelian Topics III.pdf	7064	[CmbGC] S. Mochizuki, A combinatorial version of the Grothendieck conjecture,
Combinatorial Anabelian Topics III.pdf	7066	[CmbCsp] S. Mochizuki, On the Combinatorial Cuspidalization of Hyperbolic
Combinatorial Anabelian Topics III.pdf	7068	[AbsTpI] S. Mochizuki, Topics in Absolute Anabelian Geometry I: J. Math. Sci.
Combinatorial Anabelian Topics III.pdf	7071	[AbsTpII] S. Mochizuki, Topics in Absolute Anabelian Geometry II: Decomposition
Combinatorial Anabelian Topics III.pdf	7073	[IUTeichI] S. Mochizuki, Inter-universal Teichm¨ uller Theory I: Construction of
Combinatorial Anabelian Topics III.pdf	7075	[MzTa] S. Mochizuki and A. Tamagawa, The Algebraic and Anabelian Geometry
Combinatorial Anabelian Topics III.pdf	7080	102 YUICHIRO HOSHI AND SHINICHI MOCHIZUKI
Combinatorial Anabelian Topics IV.pdf	7388	[NodNon] Y. Hoshi and S. Mochizuki, On the combinatorial anabelian geometry of
Combinatorial Anabelian Topics IV.pdf	7391	[CbTpI] Y. Hoshi and S. Mochizuki, Topics surrounding the combinatorial an-
Combinatorial Anabelian Topics IV.pdf	7395	[CbTpII] Y. Hoshi and S. Mochizuki, Topics surrounding the combinatorial an-
Combinatorial Anabelian Topics IV.pdf	7398	[CbTpIII] Y. Hoshi and S. Mochizuki, Topics surrounding the combinatorial an-
Combinatorial Anabelian Topics IV.pdf	7404	[LocAn] S. Mochizuki, The local pro-p anabelian geometry of curves,Invent. Math.
Combinatorial Anabelian Topics IV.pdf	7406	[ExtFam] S. Mochizuki, Extending families of curves over log regular schemes,J.
Combinatorial Anabelian Topics IV.pdf	7408	[CanLift] S. Mochizuki, The absolute anabelian geometry of canonical curves,
Combinatorial Anabelian Topics IV.pdf	7410	[GeoAn] S. Mochizuki, The geometry of anabelioids,Publ. Res. Inst. Math. Sci. 40
Combinatorial Anabelian Topics IV.pdf	7412	[SemiAn] S. Mochizuki, Semi-graphs of anabelioids,Publ. Res. Inst. Math. Sci. 42
Combinatorial Anabelian Topics IV.pdf	7414	[CmbGC] S. Mochizuki, A combinatorial version of the Grothendieck conjecture,
Combinatorial Anabelian Topics IV.pdf	7416	[AbsCsp] S. Mochizuki, Absolute anabelian cuspidalizations of proper hyperbolic
Combinatorial Anabelian Topics IV.pdf	7418	[AbsTpII] S.Mochizuki, TopicsinAbsoluteAnabelianGeometryII:Decomposition
Combinatorial Anabelian Topics IV.pdf	7420	[CmbCsp] S. Mochizuki, On the combinatorial cuspidalization of hyperbolic curves,
Combinatorial Anabelian Topics IV.pdf	7422	[IUTeichI] S. Mochizuki, Inter-universal Teichm¨uller Theory I: Construction of
Combinatorial Anabelian Topics IV.pdf	7425	COMBINATORIAL ANABELIAN TOPICS IV 131
Combinatorial Anabelian Topics IV.pdf	7426	[MT] S. Mochizuki and A. Tamagawa, The algebraic and anabelian geometry of
Combinatorial Anabelian Topics IV.pdf	7447	(Shinichi Mochizuki) Research Institute for Mathematical Sciences,
Combinatorial Cuspidalization.pdf	4145	64 SHINICHI MOCHIZUKI
Combinatorial Cuspidalization.pdf	4146	[7] Y. Hoshi, Absolute anabelian cuspidalizations of conﬁguration spaces over ﬁnite
Combinatorial Cuspidalization.pdf	4165	[15] S. Mochizuki, A Version of the Grothendieck Conjecture forp-adic Local Fields,
Combinatorial Cuspidalization.pdf	4167	[16] S. Mochizuki, The Local Pro- p Anabelian Geometry of Curves, Invent. Math.
Combinatorial Cuspidalization.pdf	4169	[17] S. Mochizuki, Extending Families of Curves over Log Regular Schemes,J. reine
Combinatorial Cuspidalization.pdf	4171	[18] S. Mochizuki, The Absolute Anabelian Geometry of Hyperbolic Curves,Galois
Combinatorial Cuspidalization.pdf	4173	[19] S. Mochizuki, Semi-graphs of Anabelioids, Publ. Res. Inst. Math. Sci. 42
Combinatorial Cuspidalization.pdf	4175	[20] S. Mochizuki, A combinatorial version of the Grothendieck conjecture,Tohoku
Combinatorial Cuspidalization.pdf	4177	[21] S. Mochizuki, Absolute anabelian cuspidalizations of proper hyperbolic curves,
Combinatorial Cuspidalization.pdf	4179	[22] S. Mochizuki, Topics in Absolute Anabelian Geometry II: Decomposition Groups,
Combinatorial Cuspidalization.pdf	4181	[23] S. Mochizuki, Topics in Absolute Anabelian Geometry III: Global Reconstruc-
Combinatorial Cuspidalization.pdf	4183	[24] S. Mochizuki, A. Tamagawa, The algebraic and anabelian geometry of conﬁg-
Combinatorial Grothendieck Conjecture (comments).pdf	169	[CbTpII] Y. Hoshi, S. Mochizuki,Topics Surrounding the Combinatorial Anabelian Ge-
Combinatorial Grothendieck Conjecture.pdf	1432	[Mzk1] S. Mochizuki, The Geometry of the compactiﬁcation of the Hurwitz scheme,
Combinatorial Grothendieck Conjecture.pdf	1434	[Mzk2] S. Mochizuki, The proﬁnite Grothendieck conjecture for closed hyperbolic
Combinatorial Grothendieck Conjecture.pdf	1436	[Mzk3] S. Mochizuki, The local pro-p anabelian geometry of curves,Invent. Math. 138
Combinatorial Grothendieck Conjecture.pdf	1438	[Mzk4] S. Mochizuki, The absolute anabelian geometry of hyperbolic curves, Galois
Combinatorial Grothendieck Conjecture.pdf	1440	[Mzk5] S. Mochizuki, The geometry of anabelioids, Publ. Res. Inst. Math. Sci. 40
Combinatorial Grothendieck Conjecture.pdf	1442	[Mzk6] S. Mochizuki, Galois sections in absolute anabelian geometry, Nagoya Math.
Combinatorial Grothendieck Conjecture.pdf	1444	[Mzk7] S. Mochizuki, Semi-graphs of anabelioids,Publ. Res. Inst. Math. Sci.42 (2006),
Combinatorial Section Conjecture and Pop-Stix.pdf	279	[Semi] S. Mochizuki, Semi-graphs of Anabelioids, Publ. Res. Inst. Math. Sci. 42
Combinatorial Section Conjecture and Pop-Stix.pdf	281	[CmbGC] S. Mochizuki, A combinatorial version of the Grothendieck conjecture,Tohoku
Combinatorial Section Conjecture and Pop-Stix.pdf	283	[NodNon] Y. Hoshi, S. Mochizuki, On the Combinatorial Anabelian Geometry of Nodally
Combinatorial Section Conjecture and Pop-Stix.pdf	285	[AbsTopII] S.Mochizuki, Topics in Absolute Anabelian Geometry II: Decomposition Groups,
Combinatorial Section Conjecture and Pop-Stix.pdf	287	[PSCom] S. Mochizuki, Comments on the Main Theorem of Pop-Stix , manuscript dated
Comments on Valuations.pdf	154	[CbSC] S. Mochizuki,Comments on a Combinatorial Version of the Section Conjecture
Connections and Related Structures on the Universal Extension of an Elliptic Curve.pdf	4201	[Mzk1] S. Mochizuki, The Hodge-Arakelov Theory of Elliptic Curves: Global Discretization of
Connections and Related Structures on the Universal Extension of an Elliptic Curve.pdf	4203	[Mzk2] S. Mochizuki, The Scheme-Theoretic Theta Convolution , RIMS Preprint No. 1257
Connections and Related Structures on the Universal Extension of an Elliptic Curve.pdf	4205	[Mzk3] S. Mochizuki, Foundations of p-adic Teichm¨uller Theory, AMS/IP Studies in Ad-
Correspondences on Hyperbolic Curves.pdf	780	[Mzk1] S. Mochizuki, A Theory of Ordinary p-adic Curves, to appear in Publ. RIMS, Kyoto
Correspondences on Hyperbolic Curves.pdf	782	[Mzk2] S. Mochizuki, The Generalized Ordinary Moduli of p-adic Hyperbolic Curves, RIMS
Correspondences on Hyperbolic Curves.pdf	784	[Mzk3] S. Mochizuki, Combinatorialization of p-adic Teichm¨uller Theory,RIMS Preprint1076
Essential Logical Structure of Inter-universal Teichmuller Theory.pdf	8414	and nonarchimedean theta-functions, notes on the work of Shinichi Mochizuki,
Essential Logical Structure of Inter-universal Teichmuller Theory.pdf	8424	Mochizuki’s IUT theory, available at the following URL:
Essential Logical Structure of Inter-universal Teichmuller Theory.pdf	8427	nounced publication of the IUT papers by Shinichi Mochizuki, available at the
Essential Logical Structure of Inter-universal Teichmuller Theory.pdf	8435	[pTch] S. Mochizuki, Foundations of p-adic Teichm¨uller Theory, AMS/IP Studies
Essential Logical Structure of Inter-universal Teichmuller Theory.pdf	8438	[HASurI] S. Mochizuki, A Survey of the Hodge-Arakelov Theory of Elliptic Curves I,
Essential Logical Structure of Inter-universal Teichmuller Theory.pdf	8442	[AbsAnab] S. Mochizuki, The Absolute Anabelian Geometry of Hyperbolic Curves,Galois
Essential Logical Structure of Inter-universal Teichmuller Theory.pdf	8444	[EtTh] S. Mochizuki, The´Etale Theta Function and its Frobenioid-theoretic Manifes-
Essential Logical Structure of Inter-universal Teichmuller Theory.pdf	8446	[GenEll] S.Mochizuki,ArithmeticEllipticCurvesinGeneralPosition, M a t h .J .O k a y a m a
Essential Logical Structure of Inter-universal Teichmuller Theory.pdf	8448	[AbsTopIII] S. Mochizuki, Topics in Absolute Anabelian Geometry III: Global Reconstruc-
Essential Logical Structure of Inter-universal Teichmuller Theory.pdf	8450	[IUTchI] S. Mochizuki, Inter-universal Teichm¨uller Theory I: Construction of Hodge
Essential Logical Structure of Inter-universal Teichmuller Theory.pdf	8452	[IUTchII] S. Mochizuki, Inter-universal Teichm¨uller Theory II: Hodge-Arakelov-theoretic
Essential Logical Structure of Inter-universal Teichmuller Theory.pdf	8454	[IUTchIII] S. Mochizuki, Inter-universal Teichm¨uller Theory III: Canonical Splittings of
Essential Logical Structure of Inter-universal Teichmuller Theory.pdf	8457	166 SHINICHI MOCHIZUKI
Essential Logical Structure of Inter-universal Teichmuller Theory.pdf	8458	[IUTchIV] S. Mochizuki, Inter-universal Teichm¨uller Theory IV: Log-volume Computa-
Essential Logical Structure of Inter-universal Teichmuller Theory.pdf	8461	[ExpEst] S. Mochizuki, I. Fesenko, Y. Hoshi, A. Minamide, W. Porowski, Explicit Es-
Essential Logical Structure of Inter-universal Teichmuller Theory.pdf	8464	[Rpt2013] S.Mochizuki, On the veriﬁcation of inter-universal Teichm¨uller theory: a progress
Essential Logical Structure of Inter-universal Teichmuller Theory.pdf	8466	http://www.kurims.kyoto-u.ac.jp/~motizuki/IUTeich%20Verification
Essential Logical Structure of Inter-universal Teichmuller Theory.pdf	8468	[Rpt2014] S.Mochizuki, On the veriﬁcation of inter-universal Teichm¨uller theory: a progress
Essential Logical Structure of Inter-universal Teichmuller Theory.pdf	8470	http://www.kurims.kyoto-u.ac.jp/~motizuki/IUTeich%20Verification
Essential Logical Structure of Inter-universal Teichmuller Theory.pdf	8472	[Pano] S. Mochizuki, A Panoramic Overview of Inter-universal Teichm¨uller Theory,
Essential Logical Structure of Inter-universal Teichmuller Theory.pdf	8475	[Alien] S. Mochizuki, The Mathematics of Mutually Alien Copies: from Gaussian
Essential Logical Structure of Inter-universal Teichmuller Theory.pdf	8476	Integrals to Inter-universal Teichm¨uller Theory, Inter-universal Teichmuller
Essential Logical Structure of Inter-universal Teichmuller Theory.pdf	8479	[Rpt2018] S. Mochizuki, Report on discussions, held during the period March 15 - 20,
Essential Logical Structure of Inter-universal Teichmuller Theory.pdf	8480	2018, concerning inter-universal Teichm¨uller theory (IUTch), available at the
Essential Logical Structure of Inter-universal Teichmuller Theory.pdf	8483	[Dsc2018] Webpage “March 2018 Discussions on IUTeich”, available at the following
Essential Logical Structure of Inter-universal Teichmuller Theory.pdf	8485	http://www.kurims.kyoto-u.ac.jp/~motizuki/IUTch-discussions-2018
Explicit estimates in IUTeich.pdf	2952	[CanLift] S. Mochizuki, The Absolute Anabelian Geometry of Canonical Curves,Kazuya
Explicit estimates in IUTeich.pdf	2954	[EtTh] S. Mochizuki, The ´Etale Theta Function and its Frobenioid-theoretic Manifesta-
Explicit estimates in IUTeich.pdf	2957	58 MOCHIZUKI, FESENKO, HOSHI, MINAMIDE, AND POROWSKI
Explicit estimates in IUTeich.pdf	2958	[GenEll] S. Mochizuki, Arithmetic Elliptic Curves in General Position,M a t h .J .O k a y a m a
Explicit estimates in IUTeich.pdf	2960	[IUTchI] S. Mochizuki, Inter-universal Teichm¨uller Theory I: Construction of Hodge The-
Explicit estimates in IUTeich.pdf	2962	[IUTchII] S. Mochizuki, Inter-universal Teichm¨uller Theory II: Hodge-Arakelov-theoretic
Explicit estimates in IUTeich.pdf	2964	[IUTchIII] S. Mochizuki, Inter-universal Teichm¨uller Theory III: Canonical Splittings of
Explicit estimates in IUTeich.pdf	2966	[IUTchIV] S. Mochizuki, Inter-universal Teichm¨uller Theory IV: Log-volume Computa-
Explicit estimates in IUTeich.pdf	2969	[Alien] S. Mochizuki, The Mathematics of Mutually Alien Copies: from Gaussian Integrals
Explicit estimates in IUTeich.pdf	2990	(Shinichi Mochizuki) Research Institute for Mathematical Sciences, Kyoto
Extending Families of Curves over Log Regular Schemes.pdf	1511	[14] S. Mochizuki, The Geometry of the Compactiﬁcation of the Hurwitz Scheme, Publ.
Extending Families of Curves over Log Regular Schemes.pdf	1513	[15] S. Mochizuki, Extending Families of Curves I: Compactiﬁcation of Hyperbolic Poly-
Extending Families of Curves over Log Regular Schemes.pdf	1523	Shinichi Mochizuki
Fibered products of Hopf algebras and Seifert-van Kampen theorem for semi-graphs of Tannakian categories.pdf	1916	[5] Shinnichi Mochizuki, Semi-graphs of Anabelioids, Publ. Res. Inst. Math. Sci. 42 , 2006.
Formalization of IUT (2026-04).pdf	625	[p GC] S. Mochizuki, The Local Pro- p Anabelian Geometry of Curves, Invent.
Formalization of IUT (2026-04).pdf	627	[GeoAn] S. Mochizuki, The Geometry of Anabelioids, Publ. Res. Inst. Math. Sci.
Formalization of IUT (2026-04).pdf	629	[AbsAnb] S. Mochizuki, The Absolute Anabelian Geometry of Hyperbolic Curves,
Formalization of IUT (2026-04).pdf	632	[NCBel] S. Mochizuki, Noncritical Belyi Maps, Math. J. Okayama Univ. 46
Formalization of IUT (2026-04).pdf	634	[AbSc] S. Mochizuki, Galois Sections in Absolute Anabelian Geometry, Nagoya
Formalization of IUT (2026-04).pdf	636	[SemiAn] S. Mochizuki, Semi-graphs of Anabelioids, Publ. Res. Inst. Math. Sci.
Formalization of IUT (2026-04).pdf	638	[QuCnf] S. Mochizuki, Conformal and quasiconformal categorical representation
Formalization of IUT (2026-04).pdf	641	[CbGC] S. Mochizuki, A combinatorial version of the Grothendieck conjecture,
Formalization of IUT (2026-04).pdf	643	[Conﬁg] S. Mochizuki, A. Tamagawa, The algebraic and anabelian geometry of
Formalization of IUT (2026-04).pdf	645	[FrdI] S. Mochizuki, The Geometry of Frobenioids I: The General Theory,
Formalization of IUT (2026-04).pdf	647	[FrdII] S. Mochizuki, The Geometry of Frobenioids II: Poly-Frobenioids, Kyushu
Formalization of IUT (2026-04).pdf	649	[EtTh] S. Mochizuki, The ´Etale Theta Function and its Frobenioid-theoretic
Formalization of IUT (2026-04).pdf	651	[GenEll] S. Mochizuki, Arithmetic Elliptic Curves in General Position, Math. J.
Formalization of IUT (2026-04).pdf	653	[NodNon] Y. Hoshi, S. Mochizuki, On the Combinatorial Anabelian Geometry of
Formalization of IUT (2026-04).pdf	656	[AbsTopI] S. Mochizuki, Topics in Absolute Anabelian Geometry I: Generalities,
Formalization of IUT (2026-04).pdf	659	FORMALIZATION OF IUT: PRELIMINARY PROGRESS REPORT 13
Formalization of IUT (2026-04).pdf	660	[AbsTopII] S. Mochizuki, Topics in Absolute Anabelian Geometry II: Decomposi-
Formalization of IUT (2026-04).pdf	663	[AbsTopIII] S. Mochizuki, Topics in Absolute Anabelian Geometry III: Global Re-
Formalization of IUT (2026-04).pdf	666	[IUAni1] E. Farcot, I. Fesenko, S. Mochizuki, The Multiradial Representation of
Formalization of IUT (2026-04).pdf	669	https://www.kurims.kyoto-u.ac.jp/~motizuki/IUT-
Formalization of IUT (2026-04).pdf	671	[IUAni2] E. Farcot, I. Fesenko, S. Mochizuki, Computation of the log-volume of
Formalization of IUT (2026-04).pdf	676	[IUTchI] S. Mochizuki, Inter-universal Teichm¨ uller Theory I: Construction of
Formalization of IUT (2026-04).pdf	678	[IUTchII] S. Mochizuki, Inter-universal Teichm¨ uller Theory II: Hodge-Arakelov-
Formalization of IUT (2026-04).pdf	680	[IUTchIII] S. Mochizuki, Inter-universal Teichm¨ uller Theory III: Canonical Split-
Formalization of IUT (2026-04).pdf	683	[IUTchIV] S. Mochizuki, Inter-universal Teichm¨ uller Theory IV: Log-volume Com-
Formalization of IUT (2026-04).pdf	686	[ExpEst] S. Mochizuki, I. Fesenko, Y. Hoshi, A. Minamide, W. Porowski, Explicit
Formalization of IUT (2026-04).pdf	689	[Alien] S. Mochizuki, The Mathematics of Mutually Alien Copies: from Gauss-
Formalization of IUT (2026-04).pdf	695	Gaussians,%20and%20Inter-universal%20Teichmuller%20Theory.pdf
Formalization of IUT (2026-04).pdf	696	[EssLgc] S. Mochizuki, On the essential logical structure of inter-universal Teich-
Formalization of IUT (2026-04).pdf	699	14 SHINICHI MOCHIZUKI (RIMS, KYOTO UNIVERSITY)
Formalization of IUT (2026-04).pdf	704	%20Structure%20of%20Inter-universal%20Teichmuller%20Theory.pdf
Formalization of IUT (2026-04).pdf	705	[RptIUT] S. Mochizuki, Report on the current situation surrounding inter-universal
Formalization of IUT (2026-04).pdf	706	Teichm¨ uller theory (IUT) , October 2025, available at the following
Formalization of IUT (2026-04).pdf	708	https://www.kurims.kyoto-u.ac.jp/~motizuki/IUT-report-2025-10.pdf
Foundations (comments).pdf	100	[3] S. Mochizuki, An Introduction to p-adic Teichm¨uller Theory, Cohomologies
Foundations (comments).pdf	102	[4] S.Mochizuki,TopicsinAbsoluteAnabelianGeometryII:DecompositionGroups
Galois Sections.pdf	1277	GALOIS SECTIONS IN ABSOLUTE ANABELIAN GEOMETRY 25
Galois Sections.pdf	1284	[Mzk1] S. Mochizuki, The Local Pro-p Anabelian Geometry of Curves, Invent. Math.
Galois Sections.pdf	1286	[Mzk2] S. Mochizuki, The Absolute Anabelian Geometry of Hyperbolic Curves,Galois
Galois Sections.pdf	1288	[Mzk3] S. Mochizuki, The Absolute Anabelian Geometry of Canonical Curves,Kazuya
Galois Sections.pdf	1290	[Mzk4] S. Mochizuki, Topics Surrounding the Anabelian Geometry of Hyperbolic Curves,
Global Solvably Closed Anabelian Geometry (LaTeX version).pdf	649	[5] S. Mochizuki, The Absolute Anabelian Geometry of Hyperbolic Curves,Galois Theory
Global Solvably Closed Anabelian Geometry (LaTeX version).pdf	651	[6] S. Mochizuki, The Local Pro-p Anabelian Geometry of Curves, Invent. Math. 138
Global Solvably Closed Anabelian Geometry (LaTeX version).pdf	656	16 SHINICHI MOCHIZUKI
Global Solvably Closed Anabelian Geometry (LaTeX version).pdf	664	Shinichi Mochizuki
Global Solvably Closed Anabelian Geometry.pdf	620	[Mzk1] S. Mochizuki, The Absolute Anabelian Geometry of Hyperbolic Curves,Galois
Global Solvably Closed Anabelian Geometry.pdf	622	[Mzk2] S. Mochizuki, The Local Pro-p Anabelian Geometry of Curves, Invent. Math.
GT Theory as a Species of Teichmuller Theory.pdf	636	[IUAni1] E. Farcot, I. Fesenko, S. Mochizuki, The Multiradial Representation of
GT Theory as a Species of Teichmuller Theory.pdf	639	https://www.kurims.kyoto-u.ac.jp/~motizuki/IUT-
GT Theory as a Species of Teichmuller Theory.pdf	641	[IUAni2] E. Farcot, I. Fesenko, S. Mochizuki, Computation of the log-volume of
GT Theory as a Species of Teichmuller Theory.pdf	646	[IUTchI] S. Mochizuki, Inter-universal Teichm¨ uller Theory I: Construction of
GT Theory as a Species of Teichmuller Theory.pdf	648	[IUTchII] S. Mochizuki, Inter-universal Teichm¨ uller Theory II: Hodge-Arakelov-
GT Theory as a Species of Teichmuller Theory.pdf	650	[IUTchIII] S. Mochizuki, Inter-universal Teichm¨ uller Theory III: Canonical Split-
GT Theory as a Species of Teichmuller Theory.pdf	653	[IUTchIV] S. Mochizuki, Inter-universal Teichm¨ uller Theory IV: Log-volume Com-
GT Theory as a Species of Teichmuller Theory.pdf	656	[Alien] S. Mochizuki, The Mathematics of Mutually Alien Copies: from Gauss-
GT Theory as a Species of Teichmuller Theory.pdf	662	Gaussians,%20and%20Inter-universal%20Teichmuller%20Theory.pdf
GT Theory as a Species of Teichmuller Theory.pdf	663	[EssLgc] S. Mochizuki, On the essential logical structure of inter-universal Teich-
GT Theory as a Species of Teichmuller Theory.pdf	669	%20Structure%20of%20Inter-universal%20Teichmuller%20Theory.pdf
GT Theory as a Species of Teichmuller Theory.pdf	670	[CbGT] Y. Hoshi, A. Minamide, S. Mochizuki, Group-theoreticity of Numer-
GT Theory as a Species of Teichmuller Theory.pdf	675	[CbGal] Y. Hoshi, S. Mochizuki, S. Tsujimura, Combinatorial construction of
GT Theory as a Species of Teichmuller Theory.pdf	678	[RNSPM] S. Mochizuki, S. Tsujimura, Resolution of Nonsingularities, Point-theo-
GT Theory as a Species of Teichmuller Theory.pdf	681	[ArGT] S. Mochizuki, S. Tsujimura, Topics surrounding the arithmeticity of the
hoshi-master-2006-03.pdf	7482	[14] S. Mochizuki, Extending families o f curves over log regular schemes, J.
hoshi-master-2006-03.pdf	7486	[15] S. Mochizuki, Topics surrounding the anabelian geometry of hyperbolic
hoshi-master-2006-03.pdf	7489	[16] S. Mochizuki, Semi-graphs of anabelioids. RIMS Preprint 1477 (2004).
hoshi-master-2006-03.pdf	7490	[17] S. Mochizuki, Absolute anabelian cuspidalizations of proper hyperbolic
hoshi-master-2006-03.pdf	7497	[20] J. Stix, Projective anabelian curve s in positive characteristic and de-
Inter-universal Teichmuller Theory I.pdf	10642	[NodNon] Y. Hoshi, S. Mochizuki, On the Combinatorial Anabelian Geometry of Nodally
Inter-universal Teichmuller Theory I.pdf	10645	[CbTpII] Y. Hoshi, S. Mochizuki,Topics Surrounding the Combinatorial Anabelian Ge-
Inter-universal Teichmuller Theory I.pdf	10648	[JP] K. Joshi and C. Pauly, Hitchin-Mochizuki morphism, Opers and Frobenius-
Inter-universal Teichmuller Theory I.pdf	10655	[PrfGC] S. Mochizuki, The Proﬁnite Grothendieck Conjecture for Closed Hyperbolic
Inter-universal Teichmuller Theory I.pdf	10657	[pOrd] S. Mochizuki, A Theory of Ordinaryp-adic Curves,Publ. Res. Inst. Math. Sci.
Inter-universal Teichmuller Theory I.pdf	10659	[pTeich] S. Mochizuki, Foundations of p-adic Teichm¨uller Theory, AMS/IP Studies
Inter-universal Teichmuller Theory I.pdf	10662	[pGC] S. Mochizuki, The Local Pro-p Anabelian Geometry of Curves,Invent. Math.
Inter-universal Teichmuller Theory I.pdf	10664	[HASurI] S. Mochizuki, A Survey of the Hodge-Arakelov Theory of Elliptic Curves I,
Inter-universal Teichmuller Theory I.pdf	10670	[HASurII] S. Mochizuki, A Survey of the Hodge-Arakelov Theory of Elliptic Curves II,
Inter-universal Teichmuller Theory I.pdf	10673	[AbsAnab] S. Mochizuki, The Absolute Anabelian Geometry of Hyperbolic Curves,Galois
Inter-universal Teichmuller Theory I.pdf	10675	[CanLift] S. Mochizuki, The Absolute Anabelian Geometry of Canonical Curves,Kazuya
Inter-universal Teichmuller Theory I.pdf	10677	[GeoAnbd] S. Mochizuki, The Geometry of Anabelioids,Publ. Res. Inst. Math. Sci.40
Inter-universal Teichmuller Theory I.pdf	10679	[SemiAnbd] S. Mochizuki, Semi-graphs of Anabelioids, Publ. Res. Inst. Math. Sci. 42
Inter-universal Teichmuller Theory I.pdf	10681	[QuCnf] S. Mochizuki, Conformal and quasiconformal categorical representation of hy-
Inter-universal Teichmuller Theory I.pdf	10683	[GlSol] S. Mochizuki, Global Solvably Closed Anabelian Geometry,M a t h .J .O k a y a m a
Inter-universal Teichmuller Theory I.pdf	10685	[CombGC] S. Mochizuki, A combinatorial version of the Grothendieck conjecture,Tohoku
Inter-universal Teichmuller Theory I.pdf	10687	[Cusp] S. Mochizuki, Absolute anabelian cuspidalizations of proper hyperbolic curves,
Inter-universal Teichmuller Theory I.pdf	10689	[FrdI] S. Mochizuki, The Geometry of Frobenioids I: The General Theory,Kyushu J.
Inter-universal Teichmuller Theory I.pdf	10691	[FrdII] S. Mochizuki, The Geometry of Frobenioids II: Poly-Frobenioids,Kyushu J.
Inter-universal Teichmuller Theory I.pdf	10693	[EtTh] S. Mochizuki, The´Etale Theta Function and its Frobenioid-theoretic Manifes-
Inter-universal Teichmuller Theory I.pdf	10695	[AbsTopI] S. Mochizuki, Topics in Absolute Anabelian Geometry I: Generalities,J. Math.
Inter-universal Teichmuller Theory I.pdf	10697	[AbsTopII] S.Mochizuki,TopicsinAbsoluteAnabelianGeometryII:DecompositionGroups
Inter-universal Teichmuller Theory I.pdf	10699	[AbsTopIII] S. Mochizuki, Topics in Absolute Anabelian Geometry III: Global Reconstruc-
Inter-universal Teichmuller Theory I.pdf	10701	[GenEll] S.Mochizuki,ArithmeticEllipticCurvesinGeneralPosition, M a t h .J .O k a y a m a
Inter-universal Teichmuller Theory I.pdf	10703	[CombCusp] S. Mochizuki, On the Combinatorial Cuspidalization of Hyperbolic Curves,
Inter-universal Teichmuller Theory I.pdf	10705	[IUTchII] S. Mochizuki,Inter-universal Teichm¨uller Theory II: Hodge-Arakelov-theoretic
Inter-universal Teichmuller Theory I.pdf	10709	186 SHINICHI MOCHIZUKI
Inter-universal Teichmuller Theory I.pdf	10710	[IUTchIII] S. Mochizuki, Inter-universal Teichm¨uller Theory III: Canonical Splittings of
Inter-universal Teichmuller Theory I.pdf	10713	[IUTchIV] S. Mochizuki, Inter-universal Teichm¨uller Theory IV: Log-volume Computa-
Inter-universal Teichmuller Theory I.pdf	10716	[MNT] S. Mochizuki, H. Nakamura, A. Tamagawa, The Grothendieck conjecture on
Inter-universal Teichmuller Theory I.pdf	10719	[Conﬁg] S. Mochizuki, A. Tamagawa, The algebraic and anabelian geometry of conﬁg-
Inter-universal Teichmuller Theory II.pdf	11207	[pOrd] S. Mochizuki, A Theory of Ordinaryp-adic Curves,Publ. Res. Inst. Math. Sci.
Inter-universal Teichmuller Theory II.pdf	11209	[pTeich] S. Mochizuki, Foundations of p-adic Teichm¨uller Theory, AMS/IP Studies
Inter-universal Teichmuller Theory II.pdf	11212	[pGC] S. Mochizuki, The Local Pro-p Anabelian Geometry of Curves,Invent. Math.
Inter-universal Teichmuller Theory II.pdf	11214	[HASurI] S. Mochizuki, A Survey of the Hodge-Arakelov Theory of Elliptic Curves I,
Inter-universal Teichmuller Theory II.pdf	11218	[HASurII] S. Mochizuki, A Survey of the Hodge-Arakelov Theory of Elliptic Curves II,
Inter-universal Teichmuller Theory II.pdf	11221	[AbsAnab] S. Mochizuki, The Absolute Anabelian Geometry of Hyperbolic Curves,Galois
Inter-universal Teichmuller Theory II.pdf	11223	[CanLift] S. Mochizuki, The Absolute Anabelian Geometry of Canonical Curves,Kazuya
Inter-universal Teichmuller Theory II.pdf	11225	[AbsSect] S. Mochizuki, Galois Sections in Absolute Anabelian Geometry,Nagoya Math.
Inter-universal Teichmuller Theory II.pdf	11227	[SemiAnbd] S. Mochizuki, Semi-graphs of Anabelioids, Publ. Res. Inst. Math. Sci. 42
Inter-universal Teichmuller Theory II.pdf	11229	[CombGC] S. Mochizuki, A combinatorial version of the Grothendieck conjecture,Tohoku
Inter-universal Teichmuller Theory II.pdf	11231	[Cusp] S. Mochizuki, Absolute anabelian cuspidalizations of proper hyperbolic curves,
Inter-universal Teichmuller Theory II.pdf	11233	[FrdI] S. Mochizuki, The Geometry of Frobenioids I: The General Theory,Kyushu J.
Inter-universal Teichmuller Theory II.pdf	11235	[FrdII] S. Mochizuki, The Geometry of Frobenioids II: Poly-Frobenioids,Kyushu J.
Inter-universal Teichmuller Theory II.pdf	11237	[EtTh] S. Mochizuki, The´Etale Theta Function and its Frobenioid-theoretic Manifes-
Inter-universal Teichmuller Theory II.pdf	11239	[AbsTopI] S. Mochizuki, Topics in Absolute Anabelian Geometry I: Generalities,J. Math.
Inter-universal Teichmuller Theory II.pdf	11241	[AbsTopII] S.Mochizuki,TopicsinAbsoluteAnabelianGeometryII:DecompositionGroups
Inter-universal Teichmuller Theory II.pdf	11244	174 SHINICHI MOCHIZUKI
Inter-universal Teichmuller Theory II.pdf	11245	[AbsTopIII] S. Mochizuki, Topics in Absolute Anabelian Geometry III: Global Reconstruc-
Inter-universal Teichmuller Theory II.pdf	11247	[IUTchI] S. Mochizuki, Inter-universal Teichm¨uller Theory I: Construction of Hodge
Inter-universal Teichmuller Theory II.pdf	11250	[IUTchIII] S. Mochizuki, Inter-universal Teichm¨uller Theory III: Canonical Splittings of
Inter-universal Teichmuller Theory II.pdf	11253	[IUTchIV] S. Mochizuki, Inter-universal Teichm¨uller Theory IV: Log-volume Computa-
Inter-universal Teichmuller Theory III.pdf	11625	[pOrd] S. Mochizuki, A Theory of Ordinaryp-adic Curves,Publ. Res. Inst. Math. Sci.
Inter-universal Teichmuller Theory III.pdf	11627	[pTeich] S. Mochizuki, Foundations of p-adic Teichm¨uller Theory, AMS/IP Studies
Inter-universal Teichmuller Theory III.pdf	11630	[QuCnf] S. Mochizuki, Conformal and quasiconformal categorical representation of hy-
Inter-universal Teichmuller Theory III.pdf	11632	[SemiAnbd] S. Mochizuki, Semi-graphs of Anabelioids, Publ. Res. Inst. Math. Sci. 42
Inter-universal Teichmuller Theory III.pdf	11634	[FrdI] S. Mochizuki, The Geometry of Frobenioids I: The General Theory,Kyushu J.
Inter-universal Teichmuller Theory III.pdf	11636	[FrdII] S. Mochizuki, The Geometry of Frobenioids II: Poly-Frobenioids,Kyushu J.
Inter-universal Teichmuller Theory III.pdf	11638	[EtTh] S. Mochizuki, The´Etale Theta Function and its Frobenioid-theoretic Manifes-
Inter-universal Teichmuller Theory III.pdf	11640	[AbsTopIII] S. Mochizuki, Topics in Absolute Anabelian Geometry III: Global Reconstruc-
Inter-universal Teichmuller Theory III.pdf	11642	[IUTchI] S. Mochizuki, Inter-universal Teichm¨uller Theory I: Construction of Hodge
Inter-universal Teichmuller Theory III.pdf	11645	[IUTchII] S. Mochizuki,Inter-universal Teichm¨uller Theory II: Hodge-Arakelov-theoretic
Inter-universal Teichmuller Theory III.pdf	11648	[IUTchIV] S. Mochizuki, Inter-universal Teichm¨uller Theory IV: Log-volume Computa-
Inter-universal Teichmuller Theory IV.pdf	4475	[pOrd] S. Mochizuki, A Theory of Ordinaryp-adic Curves,Publ. Res. Inst. Math. Sci.
Inter-universal Teichmuller Theory IV.pdf	4478	86 SHINICHI MOCHIZUKI
Inter-universal Teichmuller Theory IV.pdf	4479	[pTeich] S. Mochizuki, Foundations of p-adic Teichm¨uller Theory, AMS/IP Studies
Inter-universal Teichmuller Theory IV.pdf	4482	[InpTch] S. Mochizuki, An Introduction to p-adic Teichm¨uller Theory, Cohomologies
Inter-universal Teichmuller Theory IV.pdf	4484	[pGC] S. Mochizuki, The Local Pro-p Anabelian Geometry of Curves,Invent. Math.
Inter-universal Teichmuller Theory IV.pdf	4486	[HASurI] S. Mochizuki, A Survey of the Hodge-Arakelov Theory of Elliptic Curves I,
Inter-universal Teichmuller Theory IV.pdf	4490	[HASurII] S. Mochizuki, A Survey of the Hodge-Arakelov Theory of Elliptic Curves II,
Inter-universal Teichmuller Theory IV.pdf	4493	[CanLift] S. Mochizuki, The Absolute Anabelian Geometry of Canonical Curves,Kazuya
Inter-universal Teichmuller Theory IV.pdf	4495	[GeoAnbd] S. Mochizuki, The Geometry of Anabelioids,Publ. Res. Inst. Math. Sci.40
Inter-universal Teichmuller Theory IV.pdf	4497	[SemiAnbd] S. Mochizuki, Semi-graphs of Anabelioids, Publ. Res. Inst. Math. Sci. 42
Inter-universal Teichmuller Theory IV.pdf	4499	[Cusp] S. Mochizuki, Absolute anabelian cuspidalizations of proper hyperbolic curves,
Inter-universal Teichmuller Theory IV.pdf	4501	[FrdI] S. Mochizuki, The Geometry of Frobenioids I: The General Theory,Kyushu J.
Inter-universal Teichmuller Theory IV.pdf	4503	[EtTh] S. Mochizuki, The´Etale Theta Function and its Frobenioid-theoretic Manifes-
Inter-universal Teichmuller Theory IV.pdf	4505	[GenEll] S.Mochizuki,ArithmeticEllipticCurvesinGeneralPosition, M a t h .J .O k a y a m a
Inter-universal Teichmuller Theory IV.pdf	4507	[AbsTopI] S. Mochizuki, Topics in Absolute Anabelian Geometry I: Generalities,J. Math.
Inter-universal Teichmuller Theory IV.pdf	4509	[AbsTopII] S.Mochizuki,TopicsinAbsoluteAnabelianGeometryII:DecompositionGroups
Inter-universal Teichmuller Theory IV.pdf	4511	[AbsTopIII] S. Mochizuki, Topics in Absolute Anabelian Geometry III: Global Reconstruc-
Inter-universal Teichmuller Theory IV.pdf	4513	[IUTchI] S. Mochizuki, Inter-universal Teichm¨uller Theory I: Construction of Hodge
Inter-universal Teichmuller Theory IV.pdf	4516	[IUTchII] S. Mochizuki,Inter-universal Teichm¨uller Theory II: Hodge-Arakelov-theoretic
Inter-universal Teichmuller Theory IV.pdf	4521	[IUTchIII] S. Mochizuki, Inter-universal Teichm¨uller Theory III: Canonical Splittings of
Inter-universal Teichmuller Theory IV.pdf	4524	[Pano] S. Mochizuki, A Panoramic Overview of Inter-universal Teichm¨uller Theory,
Inter-universal Teichmuller Theory IV.pdf	4527	[MnLg] S. Mochizuki, Monomorphisms in Categories of Log Schemes,Kodai Math. J.
Inter-universal Teichmuller Theory IV.pdf	4529	[BogIUT] S. Mochizuki, Bogomolov’s proof of the geometric version of the Szpiro Con-
IUT as an Anabelian Gateway (IUGC2024 version).pdf	460	[IUAni1] E. Farcot, I. Fesenko, S. Mochizuki,The Multiradial Representation of
IUT as an Anabelian Gateway (IUGC2024 version).pdf	463	https://www.kurims.kyoto-u.ac.jp/~motizuki/IUT-
IUT as an Anabelian Gateway (IUGC2024 version).pdf	465	[IUAni2] E. Farcot, I. Fesenko, S. Mochizuki,Computation of the log-volume of
IUT as an Anabelian Gateway (IUGC2024 version).pdf	470	[IUTchI] S. Mochizuki, Inter-universal Teichm¨uller Theory I: Construction of
IUT as an Anabelian Gateway (IUGC2024 version).pdf	472	[IUTchII] S. Mochizuki, Inter-universal Teichm¨uller Theory II: Hodge-Arakelov-
IUT as an Anabelian Gateway (IUGC2024 version).pdf	474	[IUTchIII] S. Mochizuki, Inter-universal Teichm¨uller Theory III: Canonical Split-
IUT as an Anabelian Gateway (IUGC2024 version).pdf	477	[IUTchIV] S. Mochizuki,Inter-universal Teichm¨ullerTheory IV: Log-volume Com-
IUT as an Anabelian Gateway (IUGC2024 version).pdf	480	[ExpEst] S. Mochizuki, I. Fesenko, Y. Hoshi, A. Minamide, W. Porowski, Explicit
IUT as an Anabelian Gateway (IUGC2024 version).pdf	483	[Pano] S. Mochizuki, A Panoramic Overview of Inter-universal Teichm¨uller
IUT as an Anabelian Gateway (IUGC2024 version).pdf	488	14 SHINICHI MOCHIZUKI (RIMS, KYOTO UNIVERSITY)
IUT as an Anabelian Gateway (IUGC2024 version).pdf	489	[Alien] S. Mochizuki, The Mathematics of Mutually Alien Copies: from Gauss-
IUT as an Anabelian Gateway (IUGC2024 version).pdf	495	Gaussians,%20and%20Inter-universal%20Teichmuller%20Theory.pdf
IUT as an Anabelian Gateway (IUGC2024 version).pdf	496	[EssLgc] S.Mochizuki, On the essential logical structure of inter-universal Teich-
IUT as an Anabelian Gateway (IUGC2024 version).pdf	502	%20Structure%20of%20Inter-universal%20Teichmuller%20Theory.pdf
IUT as an Anabelian Gateway (IUGC2024 version).pdf	503	[ClsIUT] S. Mochizuki,Classical roots of inter-universal Teichm¨uller theory,l e c -
IUT as an Anabelian Gateway (IUGC2024 version).pdf	507	%20roots%20of%20IUT.pdf
IUT as an Anabelian Gateway (IUGC2024 version).pdf	508	[RNSPM] S. Mochizuki, S. Tsujimura,Resolution of Nonsingularities, Point-theo-
IUT as an Anabelian Gateway (IUGC2024 version).pdf	511	[GSCsp] S. Mochizuki, Y. Hoshi,Arithmetic cuspidalization of Galois sections
IUT as an Anabelian Gateway (IUGC2024 version).pdf	513	[AnPf] S. Mochizuki, Y. Hoshi, S. Tsujimura, G. Yamashita,Anabelian geom-
IUT as an Anabelian Gateway (IUT Summit 2025 version).pdf	559	[IUAni1] E. Farcot, I. Fesenko, S. Mochizuki, The Multiradial Representation of
IUT as an Anabelian Gateway (IUT Summit 2025 version).pdf	562	https://www.kurims.kyoto-u.ac.jp/~motizuki/IUT-
IUT as an Anabelian Gateway (IUT Summit 2025 version).pdf	564	[IUAni2] E. Farcot, I. Fesenko, S. Mochizuki, Computation of the log-volume of
IUT as an Anabelian Gateway (IUT Summit 2025 version).pdf	569	[IUTchI] S. Mochizuki, Inter-universal Teichm¨ uller Theory I: Construction of
IUT as an Anabelian Gateway (IUT Summit 2025 version).pdf	571	[IUTchII] S. Mochizuki, Inter-universal Teichm¨ uller Theory II: Hodge-Arakelov-
IUT as an Anabelian Gateway (IUT Summit 2025 version).pdf	573	[IUTchIII] S. Mochizuki, Inter-universal Teichm¨ uller Theory III: Canonical Split-
IUT as an Anabelian Gateway (IUT Summit 2025 version).pdf	576	[IUTchIV] S. Mochizuki, Inter-universal Teichm¨ uller Theory IV: Log-volume Com-
IUT as an Anabelian Gateway (IUT Summit 2025 version).pdf	579	[ExpEst] S. Mochizuki, I. Fesenko, Y. Hoshi, A. Minamide, W. Porowski, Explicit
IUT as an Anabelian Gateway (IUT Summit 2025 version).pdf	582	[Pano] S. Mochizuki, A Panoramic Overview of Inter-universal Teichm¨ uller
IUT as an Anabelian Gateway (IUT Summit 2025 version).pdf	587	14 SHINICHI MOCHIZUKI (RIMS, KYOTO UNIVERSITY)
IUT as an Anabelian Gateway (IUT Summit 2025 version).pdf	588	[Alien] S. Mochizuki, The Mathematics of Mutually Alien Copies: from Gauss-
IUT as an Anabelian Gateway (IUT Summit 2025 version).pdf	594	Gaussians,%20and%20Inter-universal%20Teichmuller%20Theory.pdf
IUT as an Anabelian Gateway (IUT Summit 2025 version).pdf	595	[EssLgc] S. Mochizuki, On the essential logical structure of inter-universal Teich-
IUT as an Anabelian Gateway (IUT Summit 2025 version).pdf	601	%20Structure%20of%20Inter-universal%20Teichmuller%20Theory.pdf
IUT as an Anabelian Gateway (IUT Summit 2025 version).pdf	602	[ClsIUT] S. Mochizuki, Classical roots of inter-universal Teichm¨ uller theory , lec-
IUT as an Anabelian Gateway (IUT Summit 2025 version).pdf	606	%20roots%20of%20IUT.pdf
IUT as an Anabelian Gateway (IUT Summit 2025 version).pdf	607	[RNSPM] S. Mochizuki, S. Tsujimura, Resolution of Nonsingularities, Point-theo-
IUT as an Anabelian Gateway (IUT Summit 2025 version).pdf	610	[GSHP] S. Mochizuki, Y. Hoshi, On Galois Sections of Hyperbolic Polycurves
IUT as an Anabelian Gateway (IUT Summit 2025 version).pdf	612	[AnPf] S. Mochizuki, Y. Hoshi, S. Tsujimura, G. Yamashita, Anabelian geom-
IUT as an Anabelian Gateway (IUT Summit 2025 version).pdf	615	[ArGT] S. Mochizuki, S. Tsujimura, On the Arithmeticity of the Grothendieck-
IUT as an Anabelian Gateway (IUT Summit 2025 version).pdf	617	[ArMCG] S. Mochizuki, S. Tsujimura, M. Sa¨ ıdi, On the Arithmeticity of the Map-
IUT as an Anabelian Gateway (MFO-RIMS23 Oberwolfach Report).pdf	275	notes and videos at https://www.kurims.kyoto-u.ac.jp/~motizuki/ExpHorizIUT21/WS3/
IUT as an Anabelian Gateway (MFO-RIMS23 Oberwolfach Report).pdf	276	ExpHorizIUT21-InvitationIUT-notes.html
IUT as an Anabelian Gateway (MFO-RIMS23 Oberwolfach Report).pdf	277	[ExHr21b] Inter-universal Teichm ¨ller Theory (IUT) Summit 2021 , in “Expanding Hori-
IUT as an Anabelian Gateway (MFO-RIMS23 Oberwolfach Report).pdf	279	notes and videos at https://www.kurims.kyoto-u.ac.jp/~motizuki/ExpHorizIUT21/WS4/
IUT as an Anabelian Gateway (MFO-RIMS23 Oberwolfach Report).pdf	280	ExpHorizIUT21-IUTSummit-notes.html
IUT as an Anabelian Gateway (MFO-RIMS23 Oberwolfach Report).pdf	281	[IUTch] S. Mochizuki, Inter-universal Teichm¨ uller Theory I: Construction of Hodge Theaters,
IUT as an Anabelian Gateway (MFO-RIMS23 Oberwolfach Report).pdf	282	Publ. Res. Inst. Math. Sci. 57 (2021), 3–207; II: Hodge-Arakelov-theoretic Evaluation, Publ.
IUT as an Anabelian Gateway (MFO-RIMS23 Oberwolfach Report).pdf	286	[Alien] S. Mochizuki, The Mathematics of Mutually Alien Copies: from Gaussian Integrals
IUT as an Anabelian Gateway (MFO-RIMS23 Oberwolfach Report).pdf	290	%20and%20Inter-universal%20Teichmuller%20Theory.pdf
IUT as an Anabelian Gateway (MFO-RIMS23 Oberwolfach Report).pdf	291	[EssLgc] S. Mochizuki, On the essential logical structure of inter-universal Teich-
IUT as an Anabelian Gateway (MFO-RIMS23 Oberwolfach Report).pdf	296	20of%20Inter-universal%20Teichmuller%20Theory.pdf
IUT as an Anabelian Gateway (MFO-RIMS23 Oberwolfach Report).pdf	297	[RNSPM] S. Mochizuki, S. Tsujimura, Resolution of Nonsingularities, Point-theoreticity, and
IUT as an Anabelian Gateway (MFO-RIMS23 Oberwolfach Report).pdf	299	[GSCsp] Y. Hoshi, S. Mochizuki, Arithmetic cuspidalization of Galois sections of hyperbolic
IUT as an Anabelian Gateway (MFO-RIMS23 Oberwolfach Report).pdf	301	[AnPf] Y. Hoshi, S. Mochizuki, S. Tsujimura, G. Yamashita, Anabelian geometry over complete
IUT as an Anabelian Gateway (MFO-RIMS23 version).pdf	316	[IUAni1] E. Farcot, I. Fesenko, S. Mochizuki,The Multiradial Representation of
IUT as an Anabelian Gateway (MFO-RIMS23 version).pdf	319	https://www.kurims.kyoto-u.ac.jp/~motizuki/IUT-
IUT as an Anabelian Gateway (MFO-RIMS23 version).pdf	321	[IUAni2] E. Farcot, I. Fesenko, S. Mochizuki,Computation of the log-volume of
IUT as an Anabelian Gateway (MFO-RIMS23 version).pdf	326	[IUTchI] S. Mochizuki, Inter-universal Teichm¨uller Theory I: Construction of
IUT as an Anabelian Gateway (MFO-RIMS23 version).pdf	328	[IUTchII] S. Mochizuki, Inter-universal Teichm¨uller Theory II: Hodge-Arakelov-
IUT as an Anabelian Gateway (MFO-RIMS23 version).pdf	330	[IUTchIII] S. Mochizuki, Inter-universal Teichm¨uller Theory III: Canonical Split-
IUT as an Anabelian Gateway (MFO-RIMS23 version).pdf	333	[IUTchIV] S. Mochizuki,Inter-universalTeichm¨ullerTheory IV: Log-volumeCom-
IUT as an Anabelian Gateway (MFO-RIMS23 version).pdf	336	[ExpEst] S. Mochizuki, I. Fesenko,Y. Hoshi, A. Minamide, W. Porowski,Explicit
IUT as an Anabelian Gateway (MFO-RIMS23 version).pdf	339	[Pano] S. Mochizuki, A Panoramic Overview of Inter-universal Teichm¨uller
IUT as an Anabelian Gateway (MFO-RIMS23 version).pdf	344	12 SHINICHI MOCHIZUKI (RIMS, KYOTO UNIVERSITY)
IUT as an Anabelian Gateway (MFO-RIMS23 version).pdf	345	[Alien] S. Mochizuki, The Mathematics of Mutually Alien Copies: from Gauss-
IUT as an Anabelian Gateway (MFO-RIMS23 version).pdf	351	Gaussians,%20and%20Inter-universal%20Teichmuller%20Theory.pdf
IUT as an Anabelian Gateway (MFO-RIMS23 version).pdf	352	[EssLgc] S.Mochizuki, On the essential logical structure of inter-universal Teich-
IUT as an Anabelian Gateway (MFO-RIMS23 version).pdf	358	%20Structure%20of%20Inter-universal%20Teichmuller%20Theory.pdf
IUT as an Anabelian Gateway (MFO-RIMS23 version).pdf	359	[ClsIUT] S. Mochizuki,Classical roots of inter-universal Teichm¨uller theory, lec-
IUT as an Anabelian Gateway (MFO-RIMS23 version).pdf	363	%20roots%20of%20IUT.pdf
IUT as an Anabelian Gateway (MFO-RIMS23 version).pdf	364	[RNSPM] S. Mochizuki, S. Tsujimura,Resolution of Nonsingularities, Point-theo-
IUT as an Anabelian Gateway (MFO-RIMS23 version).pdf	367	[GSCsp] S. Mochizuki, Y. Hoshi,Arithmetic cuspidalization of Galois sections
IUT as an Anabelian Gateway (MFO-RIMS23 version).pdf	369	[AnPf] S. Mochizuki, Y. Hoshi, S. Tsujimura, G. Yamashita,Anabelian geom-
IUT as an Anabelian Gateway.pdf	259	[IUAni1] E. Farcot, I. Fesenko, S. Mochizuki,The Multiradial Representation of
IUT as an Anabelian Gateway.pdf	262	https://www.kurims.kyoto-u.ac.jp/~motizuki/IUT-
IUT as an Anabelian Gateway.pdf	264	[IUAni2] E. Farcot, I. Fesenko, S. Mochizuki,Computation of the log-volume of
IUT as an Anabelian Gateway.pdf	269	[IUTchI] S. Mochizuki, Inter-universal Teichm¨uller Theory I: Construction of
IUT as an Anabelian Gateway.pdf	271	[IUTchII] S. Mochizuki, Inter-universal Teichm¨uller Theory II: Hodge-Arakelov-
IUT as an Anabelian Gateway.pdf	273	[IUTchIII] S. Mochizuki, Inter-universal Teichm¨uller Theory III: Canonical Split-
IUT as an Anabelian Gateway.pdf	276	[IUTchIV] S. Mochizuki,Inter-universalTeichm¨ullerTheory IV: Log-volumeCom-
IUT as an Anabelian Gateway.pdf	279	[ExpEst] S. Mochizuki, I. Fesenko,Y. Hoshi, A. Minamide, W. Porowski,Explicit
IUT as an Anabelian Gateway.pdf	282	[Pano] S. Mochizuki, A Panoramic Overview of Inter-universal Teichm¨uller
IUT as an Anabelian Gateway.pdf	287	10 SHINICHI MOCHIZUKI (RIMS, KYOTO UNIVERSITY)
IUT as an Anabelian Gateway.pdf	288	[Alien] S. Mochizuki, The Mathematics of Mutually Alien Copies: from Gauss-
IUT as an Anabelian Gateway.pdf	294	Gaussians,%20and%20Inter-universal%20Teichmuller%20Theory.pdf
IUT as an Anabelian Gateway.pdf	295	[EssLgc] S.Mochizuki, On the essential logical structure of inter-universal Teich-
IUT as an Anabelian Gateway.pdf	301	%20Structure%20of%20Inter-universal%20Teichmuller%20Theory.pdf
IUT as an Anabelian Gateway.pdf	302	[ClsIUT] S. Mochizuki,Classical roots of inter-universal Teichm¨uller theory, lec-
IUT as an Anabelian Gateway.pdf	306	%20roots%20of%20IUT.pdf
IUTeich Verification Report 2013-12.pdf	190	[HASurI] S. Mochizuki, A Survey of the Hodge-Arakelov Theory of Elliptic Curves I,
IUTeich Verification Report 2013-12.pdf	194	[HASurII] S. Mochizuki, A Survey of the Hodge-Arakelov Theory of Elliptic Curves II,
IUTeich Verification Report 2013-12.pdf	197	[SemiAnbd] S. Mochizuki, Semi-graphs of Anabelioids, Publ. Res. Inst. Math. Sci. 42
IUTeich Verification Report 2013-12.pdf	199	[FrdI] S. Mochizuki, The Geometry of Frobenioids I: The General Theory,Kyushu
IUTeich Verification Report 2013-12.pdf	201	[FrdII] S. Mochizuki, The Geometry of Frobenioids II: Poly-Frobenioids,Kyushu J.
IUTeich Verification Report 2013-12.pdf	203	[EtTh] S. Mochizuki, The´Etale Theta Function and its Frobenioid-theoretic Mani-
IUTeich Verification Report 2013-12.pdf	205	[AbsTopIII] S. Mochizuki,Topics in Absolute Anabelian Geometry III: Global Reconstruc-
IUTeich Verification Report 2013-12.pdf	207	[GenEll] S.Mochizuki,ArithmeticEllipticCurvesinGeneralPosition, Math. J. Okayama
IUTeich Verification Report 2013-12.pdf	209	[IUTchI] S. Mochizuki, Inter-universal Teichm¨uller Theory I: Construction of Hodge
IUTeich Verification Report 2013-12.pdf	211	[IUTchII] S.Mochizuki, Inter-universal Teichm¨uller Theory II: Hodge-Arakelov-theoretic
IUTeich Verification Report 2013-12.pdf	213	[IUTchIII] S. Mochizuki,Inter-universal Teichm¨uller Theory III: Canonical Splittings of
IUTeich Verification Report 2013-12.pdf	215	[IUTchIV] S. Mochizuki,Inter-universal Teichm¨uller Theory IV: Log-volume Computa-
IUTeich Verification Report 2013-12.pdf	217	[Pano] S. Mochizuki, A Panoramic Overview of Inter-universal Teichm¨uller The-
Monomorphisms in Categories of Log Schemes.pdf	3856	[ExtFam] S. Mochizuki, Extending Families of Curves over Log Regular Schemes,J. reine
Monomorphisms in Categories of Log Schemes.pdf	3858	[LgSch] S. Mochizuki, Categorical representation of locally noetherian log schemes,
Monomorphisms in Categories of Log Schemes.pdf	3860	[ArLgSch] S. Mochizuki, Categories of log schemes with archimedean structures,J. Math.
Monomorphisms in Categories of Log Schemes.pdf	3862	[FrdI] S. Mochizuki, The Geometry of Frobenioids I: The General Theory,Kyushu J.
Nodally Nondegenerate Outer Representations.pdf	3631	[Hsh] Y. Hoshi, Absolute anabelian cuspidalizations of conﬁguration spaces over
Nodally Nondegenerate Outer Representations.pdf	3644	[Mzk1] S. Mochizuki, The Local Pro- p Anabelian Geometry of Curves, Invent.
Nodally Nondegenerate Outer Representations.pdf	3646	[Mzk2] S. Mochizuki, The Absolute Anabelian Geometry of Hyperbolic Curves,
Nodally Nondegenerate Outer Representations.pdf	3649	[Mzk3] S. Mochizuki, Semi-graphs of anabelioids, Publ. Res. Inst. Math. Sci. 42
Nodally Nondegenerate Outer Representations.pdf	3651	[Mzk4] S. Mochizuki, A combinatorial version of the Grothendieck conjecture, To-
Nodally Nondegenerate Outer Representations.pdf	3653	[Mzk5] S. Mochizuki, Absolute anabelian cuspidalizations of proper hyperbolic
Nodally Nondegenerate Outer Representations.pdf	3655	[Mzk6] S. Mochizuki, Topics in Absolute Anabelian Geometry II: Decompo-
Nodally Nondegenerate Outer Representations.pdf	3659	[Mzk7] S. Mochizuki, On the Combinatorial Cuspidalization of Hyperbolic Curves,
Nodally Nondegenerate Outer Representations.pdf	3661	[MzTa] S. Mochizuki and A. Tamagawa, The Algebraic and Anabelian Geometry
Nodally Nondegenerate Outer Representations.pdf	3670	(Shinichi Mochizuki) Research Institute for Mathematical Sciences,
notesoniut.pdf	1301	[13] A. G ROTHENDIECK , anabelian letter to G. Faltings, June 1983, in P. Lochak, L. Schneps, Geometric Galois ac-
notesoniut.pdf	1312	[17] Y U. HOSHI , Mono-anabelian reconstruction of number ﬁelds,RIMS preprint 1819 (2015), available fromhttp://www.kurims.
notesoniut.pdf	1314	[18] Y U. H OSHI , S H. M OCHIZUKI , Topics surrounding the combinatorial anabelian geometry of hyperbolic curves IV: discrete-
notesoniut.pdf	1316	Combinatorial%20Anabelian%20Topics%20IV.pdf
notesoniut.pdf	1335	[27] S H. MOCHIZUKI , The geometry of frobenioids I: The General theory,Kyushu J. Math. 62 (2008), 293–400; II: Poly-Frobenioids,
notesoniut.pdf	1338	[28] S H. M OCHIZUKI , The étale theta function and its frobenioid-theoretic manifestations, Publ. Res. Inst. Math. Sci. 45 (2009),
notesoniut.pdf	1342	[30] S H. MOCHIZUKI , Topics in absolute anabelian geometry I: Generalities,J. Math. Sci. Univ. Tokyo19 (2012), 139–242; II: Decom-
notesoniut.pdf	1351	//www.kurims.kyoto-u.ac.jp/~motizuki/Invitation%20to%20Inter-universal%20Teichmuller%20Theory%
notesoniut.pdf	1355	~motizuki/Panoramic%20Overview%20of%20Inter-universal%20Teichmuller%20Theory.pdf
notesoniut.pdf	1357	from http://www.kurims.kyoto-u.ac.jp/~motizuki/IUTeich%20Verification%20Report%202013-12.pdf
notesoniut.pdf	1359	from http://www.kurims.kyoto-u.ac.jp/~motizuki/IUTeich%20Verification%20Report%202014-12.pdf
notesoniut.pdf	1361	NOTES ON THE WORK OF SHINICHI MOCHIZUKI ON ARITHMETIC DEFORMATION THEORY 29
notesoniut.pdf	1364	20the%20Point%20of%20View%20of%20Inter-universal%20Teichmuller%20Theory.pdf
notesoniut.pdf	1376	[42] F. P OP, Lectures on anabelian phenomena in geometry and arithmetic (December 2010), available from http://math-proxy.
notesoniut.pdf	1393	[52] I. F ESENKO (ED.), Extended online proceedings of the Oxford workshop on IUT theory of Sh. Mochizuki, available fromhttps:
notesoniut.pdf	1394	//www.maths.nottingham.ac.uk/personal/ibf/files/iut-sch1.html
notesoniut.pdf	1396	kyoto-u.ac.jp/~motizuki/Alien%20Copies,%20Gaussians,%20and%20Inter-universal%20Teichmuller%
notesoniut.pdf	1399	are available from https://www.maths.nottingham.ac.uk/personal/ibf/files/iut-kyoto-pr.html
Numerical invariants and distinguished subgroups of configuration spaces.pdf	2926	[NodNon] Y.HoshiandS.Mochizuki, Onthecombinatorialanabeliangeometryofnodally
Numerical invariants and distinguished subgroups of configuration spaces.pdf	2929	[CbTpI] Y. Hoshi and S. Mochizuki, Topics surrounding the combinatorial anabelian
Numerical invariants and distinguished subgroups of configuration spaces.pdf	2933	[CbTpII] Y. Hoshi and S. Mochizuki, Topics surrounding the combinatorial anabelian
Numerical invariants and distinguished subgroups of configuration spaces.pdf	2936	[IN] Y. Ihara and H. Nakamura, Some illustrative examples for anabelian geometry in
Numerical invariants and distinguished subgroups of configuration spaces.pdf	2946	[LocAn] S. Mochizuki, The local pro-p anabelian geometry of curves,Invent. Math. 138
Numerical invariants and distinguished subgroups of configuration spaces.pdf	2948	[CanLift] S. Mochizuki, The Absolute Anabelian Geometry of Canonical Curves,Kazuya
Numerical invariants and distinguished subgroups of configuration spaces.pdf	2950	[SemiAn] S. Mochizuki, Semi-graphs of anabelioids,Publ. Res. Inst. Math. Sci.42 (2006),
Numerical invariants and distinguished subgroups of configuration spaces.pdf	2952	[CmbGC] S. Mochizuki, A combinatorial version of the Grothendieck conjecture,Tohoku
Numerical invariants and distinguished subgroups of configuration spaces.pdf	2954	[CmbCusp] S. Mochizuki, On the Combinatorial Cuspidalization of Hyperbolic Curves,
Numerical invariants and distinguished subgroups of configuration spaces.pdf	2956	[AbsTopI] S. Mochizuki, Topics in Absolute Anabelian Geometry I: Generalities,J. Math.
Numerical invariants and distinguished subgroups of configuration spaces.pdf	2958	[Pano] S. Mochizuki, A Panoramic Overview of Inter-universal Teichm¨uller Theory,Alge-
Numerical invariants and distinguished subgroups of configuration spaces.pdf	2961	[AbsTopIII] S. Mochizuki, Topics in Absolute Anabelian Geometry III: Global Recon-
Numerical invariants and distinguished subgroups of configuration spaces.pdf	2964	54 YUICHIRO HOSHI, ARATA MINAMIDE, AND SHINICHI MOCHIZUKI
Numerical invariants and distinguished subgroups of configuration spaces.pdf	2965	[MT] S. Mochizuki and A. Tamagawa, The Algebraic and Anabelian Geometry of Con-
Numerical invariants and distinguished subgroups of configuration spaces.pdf	2992	(Shinichi Mochizuki) Research Institute for Mathematical Sciences, Kyoto
On the Essential Logical Structure of IUT I, II, III (marked up version).pdf	1692	[IUAni1] E. Farcot, I. Fesenko, S. Mochizuki,The Multiradial Representation of
On the Essential Logical Structure of IUT I, II, III (marked up version).pdf	1695	https://www.kurims.kyoto-u.ac.jp/~motizuki/IUT-
On the Essential Logical Structure of IUT I, II, III (marked up version).pdf	1697	[IUAni2] E. Farcot, I. Fesenko, S. Mochizuki,Computation of the log-volume of
On the Essential Logical Structure of IUT I, II, III (marked up version).pdf	1702	[AbsTopIII] S. Mochizuki, Topics in Absolute Anabelian Geometry III: Global Re-
On the Essential Logical Structure of IUT I, II, III (marked up version).pdf	1705	[IUTchI] S. Mochizuki, Inter-universal Teichm¨uller Theory I: Construction of
On the Essential Logical Structure of IUT I, II, III (marked up version).pdf	1707	[IUTchII] S. Mochizuki, Inter-universal Teichm¨uller Theory II: Hodge-Arakelov-
On the Essential Logical Structure of IUT I, II, III (marked up version).pdf	1709	[IUTchIII] S. Mochizuki, Inter-universal Teichm¨uller Theory III: Canonical Split-
On the Essential Logical Structure of IUT I, II, III (marked up version).pdf	1712	[IUTchIV] S. Mochizuki,Inter-universalTeichm¨ullerTheory IV: Log-volumeCom-
On the Essential Logical Structure of IUT I, II, III (marked up version).pdf	1715	[Pano] S. Mochizuki, A Panoramic Overview of Inter-universal Teichm¨uller
On the Essential Logical Structure of IUT I, II, III (marked up version).pdf	1720	42 SHINICHI MOCHIZUKI (RIMS, KYOTO UNIVERSITY)
On the Essential Logical Structure of IUT I, II, III (marked up version).pdf	1721	[Alien] S. Mochizuki, The Mathematics of Mutually Alien Copies: from Gauss-
On the Essential Logical Structure of IUT I, II, III (marked up version).pdf	1725	[EssLgc] S. Mochizuki, On the essential logical structure of inter-universal Te-
On the Essential Logical Structure of IUT I, II, III (marked up version).pdf	1732	[ClsIUT] S. Mochizuki,Classical roots of inter-universal Teichm¨uller theory, lec-
On the Essential Logical Structure of IUT I, II, III, IV, V (marked up version 2021-12-14).pdf	1696	[IUAni1] E. Farcot, I. Fesenko, S. Mochizuki,The Multiradial Representation of
On the Essential Logical Structure of IUT I, II, III, IV, V (marked up version 2021-12-14).pdf	1699	https://www.kurims.kyoto-u.ac.jp/~motizuki/IUT-
On the Essential Logical Structure of IUT I, II, III, IV, V (marked up version 2021-12-14).pdf	1701	[IUAni2] E. Farcot, I. Fesenko, S. Mochizuki,Computation of the log-volume of
On the Essential Logical Structure of IUT I, II, III, IV, V (marked up version 2021-12-14).pdf	1706	[AbsTopIII] S. Mochizuki, Topics in Absolute Anabelian Geometry III: Global Re-
On the Essential Logical Structure of IUT I, II, III, IV, V (marked up version 2021-12-14).pdf	1709	[IUTchI] S. Mochizuki, Inter-universal Teichm¨uller Theory I: Construction of
On the Essential Logical Structure of IUT I, II, III, IV, V (marked up version 2021-12-14).pdf	1711	[IUTchII] S. Mochizuki, Inter-universal Teichm¨uller Theory II: Hodge-Arakelov-
On the Essential Logical Structure of IUT I, II, III, IV, V (marked up version 2021-12-14).pdf	1713	[IUTchIII] S. Mochizuki, Inter-universal Teichm¨uller Theory III: Canonical Split-
On the Essential Logical Structure of IUT I, II, III, IV, V (marked up version 2021-12-14).pdf	1716	[IUTchIV] S. Mochizuki,Inter-universalTeichm¨ullerTheory IV: Log-volumeCom-
On the Essential Logical Structure of IUT I, II, III, IV, V (marked up version 2021-12-14).pdf	1719	[Pano] S. Mochizuki, A Panoramic Overview of Inter-universal Teichm¨uller
On the Essential Logical Structure of IUT I, II, III, IV, V (marked up version 2021-12-14).pdf	1724	42 SHINICHI MOCHIZUKI (RIMS, KYOTO UNIVERSITY)
On the Essential Logical Structure of IUT I, II, III, IV, V (marked up version 2021-12-14).pdf	1725	[Alien] S. Mochizuki, The Mathematics of Mutually Alien Copies: from Gauss-
On the Essential Logical Structure of IUT I, II, III, IV, V (marked up version 2021-12-14).pdf	1731	Gaussians,%20and%20Inter-universal%20Teichmuller%20Theory.pdf
On the Essential Logical Structure of IUT I, II, III, IV, V (marked up version 2021-12-14).pdf	1732	[EssLgc] S.Mochizuki, On the essential logical structure of inter-universal Teich-
On the Essential Logical Structure of IUT I, II, III, IV, V (marked up version 2021-12-14).pdf	1738	%20Structure%20of%20Inter-universal%20Teichmuller%20Theory.pdf
On the Essential Logical Structure of IUT I, II, III, IV, V (marked up version 2021-12-14).pdf	1739	[ClsIUT] S. Mochizuki,Classical roots of inter-universal Teichm¨uller theory, lec-
On the Essential Logical Structure of IUT I, II, III, IV, V (marked up version 2021-12-14).pdf	1743	%20roots%20of%20IUT.pdf
On the Essential Logical Structure of IUT I, II, III, IV, V.pdf	1709	[IUAni1] E. Farcot, I. Fesenko, S. Mochizuki,The Multiradial Representation of
On the Essential Logical Structure of IUT I, II, III, IV, V.pdf	1712	https://www.kurims.kyoto-u.ac.jp/~motizuki/IUT-
On the Essential Logical Structure of IUT I, II, III, IV, V.pdf	1714	[IUAni2] E. Farcot, I. Fesenko, S. Mochizuki,Computation of the log-volume of
On the Essential Logical Structure of IUT I, II, III, IV, V.pdf	1719	[AbsTopIII] S. Mochizuki, Topics in Absolute Anabelian Geometry III: Global Re-
On the Essential Logical Structure of IUT I, II, III, IV, V.pdf	1722	[IUTchI] S. Mochizuki, Inter-universal Teichm¨uller Theory I: Construction of
On the Essential Logical Structure of IUT I, II, III, IV, V.pdf	1724	[IUTchII] S. Mochizuki, Inter-universal Teichm¨uller Theory II: Hodge-Arakelov-
On the Essential Logical Structure of IUT I, II, III, IV, V.pdf	1726	[IUTchIII] S. Mochizuki, Inter-universal Teichm¨uller Theory III: Canonical Split-
On the Essential Logical Structure of IUT I, II, III, IV, V.pdf	1729	[IUTchIV] S. Mochizuki,Inter-universalTeichm¨ullerTheory IV: Log-volumeCom-
On the Essential Logical Structure of IUT I, II, III, IV, V.pdf	1732	[Pano] S. Mochizuki, A Panoramic Overview of Inter-universal Teichm¨uller
On the Essential Logical Structure of IUT I, II, III, IV, V.pdf	1737	42 SHINICHI MOCHIZUKI (RIMS, KYOTO UNIVERSITY)
On the Essential Logical Structure of IUT I, II, III, IV, V.pdf	1738	[Alien] S. Mochizuki, The Mathematics of Mutually Alien Copies: from Gauss-
On the Essential Logical Structure of IUT I, II, III, IV, V.pdf	1744	Gaussians,%20and%20Inter-universal%20Teichmuller%20Theory.pdf
On the Essential Logical Structure of IUT I, II, III, IV, V.pdf	1745	[EssLgc] S.Mochizuki, On the essential logical structure of inter-universal Teich-
On the Essential Logical Structure of IUT I, II, III, IV, V.pdf	1751	%20Structure%20of%20Inter-universal%20Teichmuller%20Theory.pdf
On the Essential Logical Structure of IUT I, II, III, IV, V.pdf	1752	[ClsIUT] S. Mochizuki,Classical roots of inter-universal Teichm¨uller theory, lec-
On the Essential Logical Structure of IUT I, II, III, IV, V.pdf	1756	%20roots%20of%20IUT.pdf
On the Essential Logical Structure of IUT IV, V (marked up version).pdf	1701	[IUAni1] E. Farcot, I. Fesenko, S. Mochizuki,The Multiradial Representation of
On the Essential Logical Structure of IUT IV, V (marked up version).pdf	1704	https://www.kurims.kyoto-u.ac.jp/~motizuki/IUT-
On the Essential Logical Structure of IUT IV, V (marked up version).pdf	1706	[IUAni2] E. Farcot, I. Fesenko, S. Mochizuki,Computation of the log-volume of
On the Essential Logical Structure of IUT IV, V (marked up version).pdf	1711	[AbsTopIII] S. Mochizuki, Topics in Absolute Anabelian Geometry III: Global Re-
On the Essential Logical Structure of IUT IV, V (marked up version).pdf	1714	[IUTchI] S. Mochizuki, Inter-universal Teichm¨uller Theory I: Construction of
On the Essential Logical Structure of IUT IV, V (marked up version).pdf	1716	[IUTchII] S. Mochizuki, Inter-universal Teichm¨uller Theory II: Hodge-Arakelov-
On the Essential Logical Structure of IUT IV, V (marked up version).pdf	1718	[IUTchIII] S. Mochizuki, Inter-universal Teichm¨uller Theory III: Canonical Split-
On the Essential Logical Structure of IUT IV, V (marked up version).pdf	1721	[IUTchIV] S. Mochizuki,Inter-universalTeichm¨ullerTheory IV: Log-volumeCom-
On the Essential Logical Structure of IUT IV, V (marked up version).pdf	1724	[Pano] S. Mochizuki, A Panoramic Overview of Inter-universal Teichm¨uller
On the Essential Logical Structure of IUT IV, V (marked up version).pdf	1729	42 SHINICHI MOCHIZUKI (RIMS, KYOTO UNIVERSITY)
On the Essential Logical Structure of IUT IV, V (marked up version).pdf	1730	[Alien] S. Mochizuki, The Mathematics of Mutually Alien Copies: from Gauss-
On the Essential Logical Structure of IUT IV, V (marked up version).pdf	1734	[EssLgc] S. Mochizuki, On the essential logical structure of inter-universal Te-
On the Essential Logical Structure of IUT IV, V (marked up version).pdf	1741	[ClsIUT] S. Mochizuki,Classical roots of inter-universal Teichm¨uller theory, lec-
Overview of Combinatorial Anabelian Geometry (marked up version).pdf	146	[GeoAn] S. Mochizuki, The Geometry of Anabelioids,Publ. Res. Inst. Math. Sci.
Overview of Combinatorial Anabelian Geometry (marked up version).pdf	148	[SemiAn] S. Mochizuki, Semi-graphs of Anabelioids,Publ. Res. Inst. Math. Sci.
Overview of Combinatorial Anabelian Geometry (marked up version).pdf	150	[CbGC] S. Mochizuki, A combinatorial version of the Grothendieck conjecture,
Overview of Combinatorial Anabelian Geometry (marked up version).pdf	152	[MT] S. Mochizuki, A. Tamagawa, The algebraic and anabelian geometry of
Overview of Combinatorial Anabelian Geometry (marked up version).pdf	154	[CbCsp] S. Mochizuki, On the Combinatorial Cuspidalization of Hyperbolic
Overview of Combinatorial Anabelian Geometry (marked up version).pdf	156	[NodNon] Y. Hoshi, S. Mochizuki, On the Combinatorial Anabelian Geometry of
Overview of Combinatorial Anabelian Geometry (marked up version).pdf	159	[CbTpI] Y. Hoshi and S. Mochizuki, Topics surrounding the combinatorial an-
Overview of Combinatorial Anabelian Geometry (marked up version).pdf	163	[CbTpII] Y. Hoshi, S. Mochizuki, Topics Surrounding the Combinatorial An-
Overview of Combinatorial Anabelian Geometry (marked up version).pdf	166	[CbTpIII] Y. Hoshi, S. Mochizuki, Topics Surrounding the Combinatorial An-
Overview of Combinatorial Anabelian Geometry (marked up version).pdf	169	[HMM] Y. Hoshi, A. Minamide, S. Mochizuki,Group-theoreticity of Numerical
Overview of Combinatorial Anabelian Geometry (marked up version).pdf	172	[HMT] Y. Hoshi, S. Mochizuki, S. Tsujimura,Combinatorial construction of
Overview of Combinatorial Anabelian Geometry.pdf	157	[GeoAn] S. Mochizuki, The Geometry of Anabelioids,Publ. Res. Inst. Math. Sci.
Overview of Combinatorial Anabelian Geometry.pdf	159	[SemiAn] S. Mochizuki, Semi-graphs of Anabelioids,Publ. Res. Inst. Math. Sci.
Overview of Combinatorial Anabelian Geometry.pdf	161	[CbGC] S. Mochizuki, A combinatorial version of the Grothendieck conjecture,
Overview of Combinatorial Anabelian Geometry.pdf	163	[MT] S. Mochizuki, A. Tamagawa, The algebraic and anabelian geometry of
Overview of Combinatorial Anabelian Geometry.pdf	165	[CbCsp] S. Mochizuki, On the Combinatorial Cuspidalization of Hyperbolic
Overview of Combinatorial Anabelian Geometry.pdf	167	[NodNon] Y. Hoshi, S. Mochizuki, On the Combinatorial Anabelian Geometry of
Overview of Combinatorial Anabelian Geometry.pdf	170	[CbTpI] Y. Hoshi and S. Mochizuki, Topics surrounding the combinatorial an-
Overview of Combinatorial Anabelian Geometry.pdf	174	[CbTpII] Y. Hoshi, S. Mochizuki, Topics Surrounding the Combinatorial An-
Overview of Combinatorial Anabelian Geometry.pdf	177	[CbTpIII] Y. Hoshi, S. Mochizuki, Topics Surrounding the Combinatorial An-
Overview of Combinatorial Anabelian Geometry.pdf	180	[CbTpIV] Y. Hoshi, S. Mochizuki, Topics Surrounding the Combinatorial An-
Overview of Combinatorial Anabelian Geometry.pdf	183	[HMM] Y. Hoshi, A. Minamide, S. Mochizuki,Group-theoreticity of Numerical
Overview of Combinatorial Anabelian Geometry.pdf	186	[HMT] Y. Hoshi, S. Mochizuki, S. Tsujimura,Combinatorial construction of
Panoramic Overview of Inter-universal Teichmuller Theory.pdf	1974	[pOrd] Mochizuki, S., A Theory of Ordinary p-adic Curves, Publ. Res. Inst. Math. Sci. 32
Panoramic Overview of Inter-universal Teichmuller Theory.pdf	1976	[pTeich] Mochizuki, S., Foundations of p-adic Teichm¨uller Theory , AMS/IP Studies in Ad-
Panoramic Overview of Inter-universal Teichmuller Theory.pdf	1978	[HASurI] Mochizuki, S., A Survey of the Hodge-Arakelov Theory of Elliptic Curves I,Arith-
Panoramic Overview of Inter-universal Teichmuller Theory.pdf	1981	[HASurII] Mochizuki, S., A Survey of the Hodge-Arakelov Theory of Elliptic Curves II,Al-
Panoramic Overview of Inter-universal Teichmuller Theory.pdf	1984	[CanLift] Mochizuki, S., The Absolute Anabelian Geometry of Canonical Curves, Kazuya
Panoramic Overview of Inter-universal Teichmuller Theory.pdf	1986	[Quasicon] Mochizuki, S., Conformal and Quasiconformal Categorical Representation of Hy-
Panoramic Overview of Inter-universal Teichmuller Theory.pdf	1988	[Semi] Mochizuki, S., Semi-graphs of Anabelioids,Publ. Res. Inst. Math. Sci. 42 (2006), 221–
Panoramic Overview of Inter-universal Teichmuller Theory.pdf	1990	[FrdI] Mochizuki, S., The Geometry of Frobenioids I: The General Theory,Kyushu J. Math.
Panoramic Overview of Inter-universal Teichmuller Theory.pdf	1992	[FrdII] Mochizuki, S., The Geometry of Frobenioids II: Poly-Frobenioids,Kyushu J. Math. 62
Panoramic Overview of Inter-universal Teichmuller Theory.pdf	1994	[EtTh] Mochizuki, S., The´Etale Theta Function and its Frobenioid-theoretic Manifestations,
Panoramic Overview of Inter-universal Teichmuller Theory.pdf	1996	[AbsTopI] Mochizuki, S., Topics in Absolute Anabelian Geometry I: Generalities, J. Math.
Panoramic Overview of Inter-universal Teichmuller Theory.pdf	1998	[AbsTopII] Mochizuki, S., Topics in Absolute Anabelian Geometry II: Decomposition Groups,
Panoramic Overview of Inter-universal Teichmuller Theory.pdf	2000	[AbsTopIII] Mochizuki, S., Topics in Absolute Anabelian Geometry III: Global Reconstruction
Panoramic Overview of Inter-universal Teichmuller Theory.pdf	2002	[GenEll] Mochizuki, S., Arithmetic Elliptic Curves in General Position, M a t h .J .O k a y a m a
Panoramic Overview of Inter-universal Teichmuller Theory.pdf	2006	[IUTchI] Mochizuki, S.,Inter-universal Teichm¨uller Theory I: Construction of Hodge Theaters ,
Panoramic Overview of Inter-universal Teichmuller Theory.pdf	2008	[IUTchII] Mochizuki, S., Inter-universal Teichm¨uller Theory II: Hodge-Arakelov-theoretic
Panoramic Overview of Inter-universal Teichmuller Theory.pdf	2010	[IUTchIII] Mochizuki, S., Inter-universal Teichm¨uller Theory III: Canonical Splittings of the
Panoramic Overview of Inter-universal Teichmuller Theory.pdf	2012	[IUTchIV] Mochizuki, S., Inter-universal Teichm¨uller Theory IV: Log-volume Computations
Pop-Stix-comments.pdf	182	[NodNon] Y. Hoshi, S. Mochizuki, On the Combinatorial Anabelian Geometry of Nodally
Pop-Stix-comments.pdf	184	[Semi] S. Mochizuki, Semi-graphs of Anabelioids, Publ. Res. Inst. Math. Sci. 42
Pop-Stix-comments.pdf	186	[AbsTopII] S.Mochizuki, Topics in Absolute Anabelian Geometry II: Decomposition Groups,
Report on a certain series of preprints (2024-03).pdf	476	[AbsTopIII] S. Mochizuki, Topics in Absolute Anabelian Geometry III: Global Reconstruc-
Report on a certain series of preprints (2024-03).pdf	478	[IUTchI] S. Mochizuki, Inter-universal Teichm¨uller Theory I: Construction of Hodge
Report on a certain series of preprints (2024-03).pdf	480	[IUTchII] S. Mochizuki, Inter-universal Teichm¨uller Theory II: Hodge-Arakelov-theoretic
Report on a certain series of preprints (2024-03).pdf	482	[IUTchIII] S. Mochizuki, Inter-universal Teichm¨uller Theory III: Canonical Splittings of
Report on a certain series of preprints (2024-03).pdf	484	[IUTchIV] S. Mochizuki, Inter-universal Teichm¨uller Theory IV: Log-volume Computa-
Report on a certain series of preprints (2024-03).pdf	487	[ExpEst] S. Mochizuki, I. Fesenko, Y. Hoshi, A. Minamide, W. Porowski, Explicit Es-
Report on a certain series of preprints (2024-03).pdf	490	[Rpt2023] S.Mochizuki, Brief Report on the Current Situation Surrounding Inter-universal
Report on a certain series of preprints (2024-03).pdf	491	Teichm¨ller Theory (IUT), available at the following URL:
Report on a certain series of preprints (2024-03).pdf	494	%20inter-universal%20Teichmuller%20theory%20(IUT).pdf
Report on a certain series of preprints (2024-03).pdf	495	[Alien] S. Mochizuki, The Mathematics of Mutually Alien Copies: from Gaussian
Report on a certain series of preprints (2024-03).pdf	496	Integrals to Inter-universal Teichm¨uller Theory, Inter-universal Teichmuller
Report on a certain series of preprints (2024-03).pdf	498	12 SHINICHI MOCHIZUKI
Report on a certain series of preprints (2024-03).pdf	501	[EssLgc] S. Mochizuki, On the essential logical structure of inter-universal Teichm¨uller
Report on a certain series of preprints (2024-03).pdf	507	%20Structure%20of%20Inter-universal%20Teichmuller%20Theory.pdf
Resolution of Nonsingularities for Arbitrary Hyperbolic Curves.pdf	5559	[Hgsh] K. Higashiyama, The semi-absolute anabelian geometry of geometrically
Resolution of Nonsingularities for Arbitrary Hyperbolic Curves.pdf	5566	[NodNon] Y. HoshiandS. Mochizuki, On thecombinatorialanabelian geometry
Resolution of Nonsingularities for Arbitrary Hyperbolic Curves.pdf	5569	[CbTpI] Y. Hoshi and S. Mochizuki, Topics surrounding the combinatorial an-
Resolution of Nonsingularities for Arbitrary Hyperbolic Curves.pdf	5573	[CbTpII] Y. Hoshi and S. Mochizuki, Topics surrounding the combinatorial an-
Resolution of Nonsingularities for Arbitrary Hyperbolic Curves.pdf	5576	[CbTpIII] Y. Hoshi and S. Mochizuki, Topics surrounding the combinatorial
Resolution of Nonsingularities for Arbitrary Hyperbolic Curves.pdf	5577	anabelian geometry of hyperbolic curves III: Tripods and tempered funda-
Resolution of Nonsingularities for Arbitrary Hyperbolic Curves.pdf	5579	[CbTpIV] Y. Hoshi and S. Mochizuki, Topics surrounding the combinatorial
Resolution of Nonsingularities for Arbitrary Hyperbolic Curves.pdf	5580	anabelian geometry of hyperbolic curves IV: Discreteness and sections, to
Resolution of Nonsingularities for Arbitrary Hyperbolic Curves.pdf	5585	[HMM] Y.Hoshi, A.Minamide, andS.Mochizuki, Group-theoreticityofnumer-
Resolution of Nonsingularities for Arbitrary Hyperbolic Curves.pdf	5590	[HMT] Y. Hoshi, S. Mochizuki, and S. Tsujimura,Combinatorial construction
Resolution of Nonsingularities for Arbitrary Hyperbolic Curves.pdf	5595	[Lpg2] E. Lepage, Resolution of non-singularities and the absolute anabelian
Resolution of Nonsingularities for Arbitrary Hyperbolic Curves.pdf	5600	anabelian group-theoretic properties, RIMS Preprint1965 (August 2022).
Resolution of Nonsingularities for Arbitrary Hyperbolic Curves.pdf	5601	[MiTs1] A. Minamide and S. Tsujimura, Anabelian group-theoretic properties
Resolution of Nonsingularities for Arbitrary Hyperbolic Curves.pdf	5604	[MiTs2] A. Minamide and S. Tsujimura,Anabelian geometry for Henselian dis-
Resolution of Nonsingularities for Arbitrary Hyperbolic Curves.pdf	5607	[Hur] S. Mochizuki, The geometry of the compactiﬁcation of the Hurwitz
Resolution of Nonsingularities for Arbitrary Hyperbolic Curves.pdf	5609	[PrfGC] S. Mochizuki, The proﬁnite Grothendieck conjecture for closed hyper-
Resolution of Nonsingularities for Arbitrary Hyperbolic Curves.pdf	5612	[LocAn] S. Mochizuki, The local pro-p anabelian geometry of curves,Invent.
Resolution of Nonsingularities for Arbitrary Hyperbolic Curves.pdf	5614	[ExtFam] S. Mochizuki, Extending families of curves over log regular schemes,
Resolution of Nonsingularities for Arbitrary Hyperbolic Curves.pdf	5616	[CanLift] S. Mochizuki, The absolute anabelian geometry of canonical curves,
Resolution of Nonsingularities for Arbitrary Hyperbolic Curves.pdf	5618	[AnabTop] S. Mochizuki, Topics surrounding the anabelian geometry of hyper-
Resolution of Nonsingularities for Arbitrary Hyperbolic Curves.pdf	5621	[NCBel] S. Mochizuki, Noncritical Belyi maps, Math. J. Okayama Univ. 46
Resolution of Nonsingularities for Arbitrary Hyperbolic Curves.pdf	5623	[AbsAnab] S.Mochizuki, Theabsoluteanabeliangeometryofhyperboliccurves,
Resolution of Nonsingularities for Arbitrary Hyperbolic Curves.pdf	5628	[SemiAn] S. Mochizuki, Semi-graphs of anabelioids,Publ. Res. Inst. Math. Sci.
Resolution of Nonsingularities for Arbitrary Hyperbolic Curves.pdf	5630	[CmbGC] S. Mochizuki, A combinatorial version of the Grothendieck conjec-
Resolution of Nonsingularities for Arbitrary Hyperbolic Curves.pdf	5632	[CmbCsp] S. Mochizuki, On the combinatorial cuspidalization of hyperbolic
Resolution of Nonsingularities for Arbitrary Hyperbolic Curves.pdf	5634	[AbsTopI] S. Mochizuki, Topics in absolute anabelian geometry I: Generalities,
Resolution of Nonsingularities for Arbitrary Hyperbolic Curves.pdf	5636	[AbsTopII] S. Mochizuki, Topics in absolute anabelian geometry II: Decompo-
Resolution of Nonsingularities for Arbitrary Hyperbolic Curves.pdf	5639	[AbsTopIII] S. Mochizuki, Topics in absolute anabelian geometry III: Global
Resolution of Nonsingularities for Arbitrary Hyperbolic Curves.pdf	5642	[MT] S. Mochizuki and A. Tamagawa, The algebraic and anabelian geometry
Resolution of Nonsingularities for Arbitrary Hyperbolic Curves.pdf	5668	(Shinichi Mochizuki) Research Institute for Mathematical Sciences, Kyoto
Rpt2018.pdf	2247	and nonarchimedean theta-functions, notes on the work of Shinichi Mochizuki,
Rpt2018.pdf	2249	https://www.maths.nottingham.ac.uk/personal/ibf/notesoniut.pdf
Rpt2018.pdf	2256	[IUTchI] S. Mochizuki, Inter-universal Teichm¨uller Theory I: Construction of Hodge
Rpt2018.pdf	2258	[IUTchII] S. Mochizuki,Inter-universal Teichm¨uller Theory II: Hodge-Arakelov-theoretic
Rpt2018.pdf	2260	[IUTchIII] S. Mochizuki, Inter-universal Teichm¨uller Theory III: Canonical Splittings of
Rpt2018.pdf	2262	[IUTchIV] S. Mochizuki, Inter-universal Teichm¨uller Theory IV: Log-volume Computa-
Rpt2018.pdf	2264	[Rpt2014] S. Mochizuki, On the Veriﬁcation of Inter-universal Teichm¨uller theory: a
Rpt2018.pdf	2267	DISCUSSIONS ON IUTCH (MARCH 15 – 20, 2018) 45
Rpt2018.pdf	2268	http://www.kurims.kyoto-u.ac.jp/~motizuki/IUTeich%20Verification
Rpt2018.pdf	2270	[QC2016] S. Mochizuki, On Questions and Comments Concerning Inter-universal Te-
Rpt2018.pdf	2271	ichmller Theory (IUT), July 2016, available at:
Rpt2018.pdf	2273	Comments%20on%20IUT.pdf
Rpt2018.pdf	2274	[Alien] S. Mochizuki,The Mathematics of Mutually Alien Copies: from Gaussian Inte-
Rpt2018.pdf	2276	[BogIUT] S. Mochizuki, Bogomolov’s proof of the geometric version of the Szpiro Con-
Semi-graphs of Anabelioids (comments).pdf	304	[QuCnf] S. Mochizuki, Conformal and quasiconformal categorical representation of hy-
Semi-graphs of Anabelioids (comments).pdf	307	8 SHINICHI MOCHIZUKI
Semi-graphs of Anabelioids (comments).pdf	308	[FrdII] S. Mochizuki, The Geometry of Frobenioids II: Poly-Frobenioids,Kyushu J.
Semi-graphs of Anabelioids (comments).pdf	310	[AbsTopI] S. Mochizuki, Topics in Absolute Anabelian Geometry I: Generalities,J. Math.
Semi-graphs of Anabelioids (comments).pdf	312	[AbsTopII] S.Mochizuki,TopicsinAbsoluteAnabelianGeometryII:DecompositionGroups
Semi-graphs of Anabelioids.pdf	4443	[Mzk1] S. Mochizuki, The Geometry of the Compactiﬁcation of the Hurwitz Scheme,
Semi-graphs of Anabelioids.pdf	4445	[Mzk2] S. Mochizuki, The Local Pro- p Anabelian Geometry of Curves, Invent. Math.
Semi-graphs of Anabelioids.pdf	4447	[Mzk3] S. Mochizuki, The Absolute Anabelian Geometry of Hyperbolic Curves,Galois
Semi-graphs of Anabelioids.pdf	4449	[Mzk4] S. Mochizuki, The Geometry of Anabelioids, Publ. Res. Inst. Math. Sci. 40
Semi-graphs of Anabelioids.pdf	4451	[Mzk5] S. Mochizuki, Topics Surrounding the Anabelian Geometry of Hyperbolic Curves,
Semi-graphs of Anabelioids.pdf	4454	[Mzk6] S. Mochizuki, Categorical representation of locally noetherian log schemes,
Semi-graphs of Anabelioids.pdf	4456	[Mzk7] S. Mochizuki, Categories of log schemes with archimedean structures,J. Math.
Semi-graphs of Anabelioids.pdf	4458	[Mzk8] S. Mochizuki, Galois Sections in Absolute Anabelian Geometry, RIMS Preprint
Semi-graphs of Anabelioids.pdf	4467	92 SHINICHI MOCHIZUKI
Tch Dilations of Varying Hues (ICMS 2025 version) [marked up version].pdf	564	[IUAni1] E. Farcot, I. Fesenko, S. Mochizuki, The Multiradial Representation of
Tch Dilations of Varying Hues (ICMS 2025 version) [marked up version].pdf	567	https://www.kurims.kyoto-u.ac.jp/~motizuki/IUT-
Tch Dilations of Varying Hues (ICMS 2025 version) [marked up version].pdf	569	[IUAni2] E. Farcot, I. Fesenko, S. Mochizuki, Computation of the log-volume of
Tch Dilations of Varying Hues (ICMS 2025 version) [marked up version].pdf	574	[IUTchI] S. Mochizuki, Inter-universal Teichm¨ uller Theory I: Construction of
Tch Dilations of Varying Hues (ICMS 2025 version) [marked up version].pdf	576	[IUTchII] S. Mochizuki, Inter-universal Teichm¨ uller Theory II: Hodge-Arakelov-
Tch Dilations of Varying Hues (ICMS 2025 version) [marked up version].pdf	578	[IUTchIII] S. Mochizuki, Inter-universal Teichm¨ uller Theory III: Canonical Split-
Tch Dilations of Varying Hues (ICMS 2025 version) [marked up version].pdf	581	[IUTchIV] S. Mochizuki, Inter-universal Teichm¨ uller Theory IV: Log-volume Com-
Tch Dilations of Varying Hues (ICMS 2025 version) [marked up version].pdf	584	[Alien] S. Mochizuki, The Mathematics of Mutually Alien Copies: from Gauss-
Tch Dilations of Varying Hues (ICMS 2025 version) [marked up version].pdf	590	Gaussians,%20and%20Inter-universal%20Teichmuller%20Theory.pdf
Tch Dilations of Varying Hues (ICMS 2025 version) [marked up version].pdf	591	[EssLgc] S. Mochizuki, On the essential logical structure of inter-universal Teich-
Tch Dilations of Varying Hues (ICMS 2025 version) [marked up version].pdf	597	%20Structure%20of%20Inter-universal%20Teichmuller%20Theory.pdf
Tch Dilations of Varying Hues (ICMS 2025 version) [marked up version].pdf	598	[CbGT] Y. Hoshi, A. Minamide, S. Mochizuki, Group-theoreticity of Numer-
Tch Dilations of Varying Hues (ICMS 2025 version) [marked up version].pdf	603	[CbGal] Y. Hoshi, S. Mochizuki, S. Tsujimura, Combinatorial construction of
Tch Dilations of Varying Hues (ICMS 2025 version) [marked up version].pdf	606	[ArGT] S. Mochizuki, S. Tsujimura, On the Arithmeticity of the Gro-thendieck-
Tch Dilations of Varying Hues (ICMS 2025 version) [marked up version].pdf	608	[ArMCG] S. Mochizuki, S. Tsujimura, M. Sa¨ ıdi, On the Arithmeticity of the Map-
Tch Dilations of Varying Hues (ICMS 2025 version).pdf	564	[IUAni1] E. Farcot, I. Fesenko, S. Mochizuki, The Multiradial Representation of
Tch Dilations of Varying Hues (ICMS 2025 version).pdf	567	https://www.kurims.kyoto-u.ac.jp/~motizuki/IUT-
Tch Dilations of Varying Hues (ICMS 2025 version).pdf	569	[IUAni2] E. Farcot, I. Fesenko, S. Mochizuki, Computation of the log-volume of
Tch Dilations of Varying Hues (ICMS 2025 version).pdf	574	[IUTchI] S. Mochizuki, Inter-universal Teichm¨ uller Theory I: Construction of
Tch Dilations of Varying Hues (ICMS 2025 version).pdf	576	[IUTchII] S. Mochizuki, Inter-universal Teichm¨ uller Theory II: Hodge-Arakelov-
Tch Dilations of Varying Hues (ICMS 2025 version).pdf	578	[IUTchIII] S. Mochizuki, Inter-universal Teichm¨ uller Theory III: Canonical Split-
Tch Dilations of Varying Hues (ICMS 2025 version).pdf	581	[IUTchIV] S. Mochizuki, Inter-universal Teichm¨ uller Theory IV: Log-volume Com-
Tch Dilations of Varying Hues (ICMS 2025 version).pdf	584	[Alien] S. Mochizuki, The Mathematics of Mutually Alien Copies: from Gauss-
Tch Dilations of Varying Hues (ICMS 2025 version).pdf	590	Gaussians,%20and%20Inter-universal%20Teichmuller%20Theory.pdf
Tch Dilations of Varying Hues (ICMS 2025 version).pdf	591	[EssLgc] S. Mochizuki, On the essential logical structure of inter-universal Teich-
Tch Dilations of Varying Hues (ICMS 2025 version).pdf	597	%20Structure%20of%20Inter-universal%20Teichmuller%20Theory.pdf
Tch Dilations of Varying Hues (ICMS 2025 version).pdf	598	[CbGT] Y. Hoshi, A. Minamide, S. Mochizuki, Group-theoreticity of Numer-
Tch Dilations of Varying Hues (ICMS 2025 version).pdf	603	[CbGal] Y. Hoshi, S. Mochizuki, S. Tsujimura, Combinatorial construction of
Tch Dilations of Varying Hues (ICMS 2025 version).pdf	606	[ArGT] S. Mochizuki, S. Tsujimura, On the Arithmeticity of the Gro-thendieck-
Tch Dilations of Varying Hues (ICMS 2025 version).pdf	608	[ArMCG] S. Mochizuki, S. Tsujimura, M. Sa¨ ıdi, On the Arithmeticity of the Map-
The Algebraic and Anabelian Geometry of Configuration Spaces (comments on strongly torsion-free groups).pdf	219	[Mzk1] S. Mochizuki, Semi-graphs of Anabelioids, Publ. Res. Inst. Math. Sci. 42
The Algebraic and Anabelian Geometry of Configuration Spaces (comments on strongly torsion-free groups).pdf	221	[Mzk2] S. Mochizuki, A. Tamagawa, The algebraic and anabelian geometry of conﬁg-
The Algebraic and Anabelian Geometry of Configuration Spaces.pdf	2672	48 SHINICHI MOCHIZUKI AND AKIO TAMAGAWA
The Algebraic and Anabelian Geometry of Configuration Spaces.pdf	2691	[Mzk1] S. Mochizuki, Extending Families of Curves over Log Regular Schemes,J. reine
The Algebraic and Anabelian Geometry of Configuration Spaces.pdf	2693	[Mzk2] S. Mochizuki, Topics Surrounding the Anabelian Geometry of Hyperbolic Curves,
The Algebraic and Anabelian Geometry of Configuration Spaces.pdf	2696	[Mzk3] S. Mochizuki, The Absolute Anabelian Geometry of Hyperbolic Curves,Galois
The Algebraic and Anabelian Geometry of Configuration Spaces.pdf	2698	[Mzk4] S. Mochizuki, The Absolute Anabelian Geometry of Canonical Curves,Kazuya
The Algebraic and Anabelian Geometry of Configuration Spaces.pdf	2700	[Mzk5] S. Mochizuki, Galois Sections in Absolute Anabelian Geometry,Nagoya Math.
The Algebraic and Anabelian Geometry of Configuration Spaces.pdf	2702	[Mzk6] S. Mochizuki, A combinatorial version of the Grothendieck conjecture,Tohoku
The Algebraic and Anabelian Geometry of Configuration Spaces.pdf	2704	[Mzk7] S. Mochizuki, Absolute anabelian cuspidalizations of proper hyperbolic curves,
The Etale Theta Function and its Frobenioid-theoretic Manifestations (comments).pdf	388	[1] S. Mochizuki, The Proﬁnite Grothendieck Conjecture for Closed Hyperbolic
The Etale Theta Function and its Frobenioid-theoretic Manifestations (comments).pdf	390	[2] S. Mochizuki, The Geometry of Frobenioids I: The General Theory,Kyushu J.
The Etale Theta Function and its Frobenioid-theoretic Manifestations (comments).pdf	400	[6] S.Mochizuki,TopicsinAbsoluteAnabelianGeometryII:DecompositionGroups
The Etale Theta Function and its Frobenioid-theoretic Manifestations (related expositions).pdf	20	[EtTh] S. Mochizuki, The ´Etale Theta Function and its Frobenioid-theoretic Manifes-
The Etale Theta Function and its Frobenioid-theoretic Manifestations (related expositions).pdf	22	[IUTchII] S. Mochizuki, Inter-universal Teichm¨uller Theory II: Hodge-Arakelov-theoretic
The Etale Theta Function and its Frobenioid-theoretic Manifestations (related expositions).pdf	24	[IUTchIII] S. Mochizuki, Inter-universal Teichm¨uller Theory III: Canonical Splittings of
The Etale Theta Function and its Frobenioid-theoretic Manifestations.pdf	8386	[Mzk1] S. Mochizuki, Foundations of p-adic Teichm¨uller Theory, AMS/IP Studies
The Etale Theta Function and its Frobenioid-theoretic Manifestations.pdf	8389	[Mzk2] S. Mochizuki, The Absolute Anabelian Geometry of Hyperbolic Curves,Galois
The Etale Theta Function and its Frobenioid-theoretic Manifestations.pdf	8391	[Mzk3] S. Mochizuki, The Absolute Anabelian Geometry of Canonical Curves,Kazuya
The Etale Theta Function and its Frobenioid-theoretic Manifestations.pdf	8393	[Mzk4] S. Mochizuki, A Survey of the Hodge-Arakelov Theory of Elliptic Curves I,
The Etale Theta Function and its Frobenioid-theoretic Manifestations.pdf	8397	[Mzk5] S. Mochizuki, A Survey of the Hodge-Arakelov Theory of Elliptic Curves II,
The Etale Theta Function and its Frobenioid-theoretic Manifestations.pdf	8400	[Mzk6] S. Mochizuki, The Hodge-Arakelov Theory of Elliptic Curves: Global Discretiza-
The Etale Theta Function and its Frobenioid-theoretic Manifestations.pdf	8402	[Mzk7] S. Mochizuki, The Scheme-Theoretic Theta Convolution, RIMS Preprint No.
The Etale Theta Function and its Frobenioid-theoretic Manifestations.pdf	8404	[Mzk8] S. Mochizuki, Connections and Related Integral Structures on the Universal
The Etale Theta Function and its Frobenioid-theoretic Manifestations.pdf	8406	[Mzk9] S. Mochizuki, The Galois-Theoretic Kodaira-Spencer Morphism of an Elliptic
The Etale Theta Function and its Frobenioid-theoretic Manifestations.pdf	8408	[Mzk10] S. Mochizuki, The Hodge-Arakelov Theory of Elliptic Curves in Positive Char-
The Etale Theta Function and its Frobenioid-theoretic Manifestations.pdf	8410	[Mzk11] S. Mochizuki, The Local Pro- p Anabelian Geometry of Curves, Invent. Math.
The Etale Theta Function and its Frobenioid-theoretic Manifestations.pdf	8412	[Mzk12] S. Mochizuki, The Geometry of Anabelioids, Publ. Res. Inst. Math. Sci. 40
The Etale Theta Function and its Frobenioid-theoretic Manifestations.pdf	8414	[Mzk13] S. Mochizuki, Galois Sections in Absolute Anabelian Geometry,Nagoya Math.
The Etale Theta Function and its Frobenioid-theoretic Manifestations.pdf	8417	112 SHINICHI MOCHIZUKI
The Etale Theta Function and its Frobenioid-theoretic Manifestations.pdf	8418	[Mzk14] S. Mochizuki, Semi-graphs of Anabelioids, Publ. Res. Inst. Math. Sci. 42
The Etale Theta Function and its Frobenioid-theoretic Manifestations.pdf	8420	[Mzk15] S. Mochizuki, A combinatorial version of the Grothendieck conjecture,Tohoku
The Etale Theta Function and its Frobenioid-theoretic Manifestations.pdf	8422	[Mzk16] S. Mochizuki, Absolute anabelian cuspidalizations of proper hyperbolic curves,
The Etale Theta Function and its Frobenioid-theoretic Manifestations.pdf	8424	[Mzk17] S. Mochizuki, The Geometry of Frobenioids I: The General Theory,Kyushu J.
The Etale Theta Function and its Frobenioid-theoretic Manifestations.pdf	8426	[Mzk18] S. Mochizuki, The Geometry of Frobenioids II: Poly-Frobenioids, Kyushu J.
The Galois-Theoretic Kodaira-Spencer Morphism of an Elliptic Curve.pdf	1485	[Mzk1] S. Mochizuki, The Hodge-Arakelov Theory of Elliptic Curves: Global Discretiza-
The Galois-Theoretic Kodaira-Spencer Morphism of an Elliptic Curve.pdf	1487	[Mzk2] S. Mochizuki, The Scheme-Theoretic Theta Convolution, RIMS Preprint No.
The Galois-Theoretic Kodaira-Spencer Morphism of an Elliptic Curve.pdf	1489	[Mzk3] S. Mochizuki, Connections and Related Integral Structures on the Universal
The Geometry of Anabelioids.pdf	2508	[Mzk1] S. Mochizuki, The Hodge-Arakelov Theory of Elliptic Curves: Global Discretiza-
The Geometry of Anabelioids.pdf	2510	[Mzk2] S. Mochizuki, The Galois-Theoretic Kodaira-Spencer Morphism of an Elliptic
The Geometry of Anabelioids.pdf	2514	[Mzk3] S. Mochizuki, Correspondences on Hyperbolic Curves, Journ. Pure Appl. Al-
The Geometry of Anabelioids.pdf	2516	[Mzk4] S. Mochizuki, The Geometry of the Compactiﬁcation of the Hurwitz Scheme,
The Geometry of Anabelioids.pdf	2518	[Mzk5] S. Mochizuki, A Version of the Grothendieck Conjecture forp-adic Local Fields,
The Geometry of Anabelioids.pdf	2520	[Mzk6] S. Mochizuki, The Local Pro-p Anabelian Geometry of Curves, Invent. Math.
The Geometry of Anabelioids.pdf	2522	[Mzk7] S. Mochizuki, Anabelian geometry in the Hodge-Arakelov theory of elliptic
The Geometry of Anabelioids.pdf	2525	[Mzk8] S. Mochizuki, The Absolute Anabelian Geometry of Hyperbolic Curves,Galois
The Geometry of Anabelioids.pdf	2527	[Mzk9] S. Mochizuki, The Absolute Anabelian Geometry of Canonical Curves, RIMS
The Geometry of Frobenioids I (comments).pdf	227	[FrdII] S. Mochizuki, The Geometry of Frobenioids II: Poly-Frobenioids,Kyushu J.
The Geometry of Frobenioids I.pdf	38	2 SHINICHI MOCHIZUKI
The Geometry of Frobenioids I.pdf	40	In the present paper, we introduce the notion of a Frobenioid. The simplest
The Geometry of Frobenioids I.pdf	41	kind of Frobenioid “ FM ” is the non-commutative monoid given by forming the
The Geometry of Frobenioids I.pdf	51	= FZ≥ 0 and refer to F as the standard Frobenioid. Note that in
The Geometry of Frobenioids I.pdf	57	elementary Frobenioid FΦ by taking the “semi-direct product” of N≥1 with Φ [cf.
The Geometry of Frobenioids I.pdf	59	In general, a Frobenioid C is a category equipped with a functor C→ FΦ to
The Geometry of Frobenioids I.pdf	60	an elementary Frobenioid FΦ satisfying certain properties [cf. Deﬁnition 1.3 for
The Geometry of Frobenioids I.pdf	63	Frobenioid may be thought of as a sort of a category-theoretic abstraction of the
The Geometry of Frobenioids I.pdf	73	the structure of C as a Frobenioid may be reconstructed purely category-
The Geometry of Frobenioids I.pdf	76	These technical conditions are typically satisﬁed by Frobenioids that arise naturally
The Geometry of Frobenioids I.pdf	79	examples, involving Frobenioids which do not satisfy various of these technical
The Geometry of Frobenioids I.pdf	82	THE GEOMETRY OF FROBENIOIDS I 3
The Geometry of Frobenioids I.pdf	90	base category portion”of a Frobenioid, i.e., the “relative structure of C over D”, is
The Geometry of Frobenioids I.pdf	103	by Grothendieck in descriptions of his anabelian philosophy.
The Geometry of Frobenioids I.pdf	104	After deﬁning and examining the ﬁrst properties of Frobenioids in §1, we pro-
The Geometry of Frobenioids I.pdf	105	ceed to discuss, in §2, various versions of “Frobenius functors” on Frobenioids,
The Geometry of Frobenioids I.pdf	113	theory of Frobenioids and is discussed in detail in the Appendix. In §4, we then
The Geometry of Frobenioids I.pdf	118	Frobenioids, in a fashion reminiscent of the explicit description of the elementary
The Geometry of Frobenioids I.pdf	119	Frobenioid F
The Geometry of Frobenioids I.pdf	121	of various auxiliary structures on a Frobenioid, namely, base sections and base-
The Geometry of Frobenioids I.pdf	122	Frobenius pairs, that may be used to relate a given Frobenioid satisfying certain
The Geometry of Frobenioids I.pdf	123	conditions to such a “model Frobenioid”[cf. Theorem 5.2, (iv)].
The Geometry of Frobenioids I.pdf	125	ing from a Frobenioid to the perfection or realiﬁcation of the Frobenioid. Roughly
The Geometry of Frobenioids I.pdf	128	4 SHINICHI MOCHIZUKI
The Geometry of Frobenioids I.pdf	132	tion of a Frobenioid. This may be thought of as a category-theoretic abstraction of
The Geometry of Frobenioids I.pdf	145	Finally, in §6, we consider the main motivating examples of Frobenioids that arise
The Geometry of Frobenioids I.pdf	147	“Frobenioid-theoretic formulation of the elementary arithmetic of number ﬁelds”
The Geometry of Frobenioids I.pdf	148	also gives rise to some interesting “Frobenioid-theoretic interpretations” of such
The Geometry of Frobenioids I.pdf	174	THE GEOMETRY OF FROBENIOIDS I 5
The Geometry of Frobenioids I.pdf	182	anabelian philosophy may be regarded as a“special case”of this point of view, i.e.,
The Geometry of Frobenioids I.pdf	220	—c f . t h e “absolute anabelian geometry” developed in [Mzk5], [Mzk6], [Mzk7],
The Geometry of Frobenioids I.pdf	222	One important drawback of the “anabelian branch” of this category-theoretic
The Geometry of Frobenioids I.pdf	229	anabelian geometry, of providing a natural way to incorporate such archimedean
The Geometry of Frobenioids I.pdf	248	6 SHINICHI MOCHIZUKI
The Geometry of Frobenioids I.pdf	249	special “anabelian”schemes — but, on the other hand, this diﬃculty of reconstruc-
The Geometry of Frobenioids I.pdf	282	is, in a word, the notion of a Frobenioid. From the point of view of the question
The Geometry of Frobenioids I.pdf	284	Frobenioids provide a single framework [cf. the notion of a “Galois cate-
The Geometry of Frobenioids I.pdf	291	endomorphism”of the Frobenioid associated to a number ﬁeld.
The Geometry of Frobenioids I.pdf	293	THE GEOMETRY OF FROBENIOIDS I 7
The Geometry of Frobenioids I.pdf	299	ingredients of a Frobenioid — that is to say, roughly speaking, “Galois” [i.e., the
The Geometry of Frobenioids I.pdf	305	the author in developing the theory of Frobenioids came from the long-term goal
The Geometry of Frobenioids I.pdf	329	Frobenioids was the goal of developing a geometric framework — i.e.,
The Geometry of Frobenioids I.pdf	334	8 SHINICHI MOCHIZUKI
The Geometry of Frobenioids I.pdf	340	theoretic!] Hodge-Arakelov theory of elliptic curves surveyed in [Mzk3], [Mzk4], a
The Geometry of Frobenioids I.pdf	344	lated Hodge-Arakelov theory of [Mzk3], [Mzk4]. In fact, certain aspects of such an
The Geometry of Frobenioids I.pdf	345	“extraction process” are achieved precisely by applying the theory of Frobenioids,
The Geometry of Frobenioids I.pdf	348	the geometry of Frobenioids amounts to a certain “partial dismantling of scheme
The Geometry of Frobenioids I.pdf	358	The geometry of Frobenioidsretains a substantial portion of the geometry
The Geometry of Frobenioids I.pdf	378	THE GEOMETRY OF FROBENIOIDS I 9
The Geometry of Frobenioids I.pdf	383	Frobenioid.
The Geometry of Frobenioids I.pdf	388	the monoids “ Z≥0”, “N≥1” that constitute the standard Frobenioid F]. One may
The Geometry of Frobenioids I.pdf	406	10 SHINICHI MOCHIZUKI
The Geometry of Frobenioids I.pdf	448	THE GEOMETRY OF FROBENIOIDS I 11
The Geometry of Frobenioids I.pdf	495	12 SHINICHI MOCHIZUKI
The Geometry of Frobenioids I.pdf	535	THE GEOMETRY OF FROBENIOIDS I 13
The Geometry of Frobenioids I.pdf	572	14 SHINICHI MOCHIZUKI
The Geometry of Frobenioids I.pdf	615	THE GEOMETRY OF FROBENIOIDS I 15
The Geometry of Frobenioids I.pdf	668	16 SHINICHI MOCHIZUKI
The Geometry of Frobenioids I.pdf	723	THE GEOMETRY OF FROBENIOIDS I 17
The Geometry of Frobenioids I.pdf	771	18 SHINICHI MOCHIZUKI
The Geometry of Frobenioids I.pdf	799	THE GEOMETRY OF FROBENIOIDS I 19
The Geometry of Frobenioids I.pdf	801	In the present §1, we discuss the notion of aFrobenioid, which may be thought
The Geometry of Frobenioids I.pdf	803	tary Frobenioid”. An “elementary Frobenioid” is, in essence, a sort of semi-direct
The Geometry of Frobenioids I.pdf	808	We begin by introducing the fundamental notions of“elementary Frobenioids”
The Geometry of Frobenioids I.pdf	809	and “pre-Frobenioids”.
The Geometry of Frobenioids I.pdf	834	tary Frobenioid associated toΦ the category
The Geometry of Frobenioids I.pdf	837	20 SHINICHI MOCHIZUKI
The Geometry of Frobenioids I.pdf	858	that the elementary Frobenioid FΦM associated to the functor Φ M on any one-
The Geometry of Frobenioids I.pdf	861	we shall denote by FM and refer to as the elementary Frobenioid associated to
The Geometry of Frobenioids I.pdf	870	refer to F as the standard Frobenioid.
The Geometry of Frobenioids I.pdf	875	as a pre-Frobenioid structureon C. The natural projection functor FΦ →D thus
The Geometry of Frobenioids I.pdf	881	THE GEOMETRY OF FROBENIOIDS I 21
The Geometry of Frobenioids I.pdf	887	pre-Frobenioid structure C→ FΦ as a pre-Frobenioidand to the monoid Φ as the
The Geometry of Frobenioids I.pdf	888	divisor monoid of the pre-Frobenioid.
The Geometry of Frobenioids I.pdf	889	Remark 1.1.1. If φ ◦ψ is a composite of morphisms φ, ψ of a pre-Frobenioid,
The Geometry of Frobenioids I.pdf	895	Indeed, this follows immediately from the deﬁnition of an elementary Frobenioidin
The Geometry of Frobenioids I.pdf	898	in a pre-Frobenioid.
The Geometry of Frobenioids I.pdf	900	category D; C→ FΦ a pre-Frobenioid; φ ∈ Arr(C). Write φ : A → B [where
The Geometry of Frobenioids I.pdf	922	22 SHINICHI MOCHIZUKI
The Geometry of Frobenioids I.pdf	934	morphisms in the case of Frobenioids that arise in an archimedean context — cf.
The Geometry of Frobenioids I.pdf	940	codomain” in the case of various Frobenioids that arise from arithmetic geometry]
The Geometry of Frobenioids I.pdf	942	type [a term motivated by the fact that, in the case of Frobenioids that arise from
The Geometry of Frobenioids I.pdf	968	THE GEOMETRY OF FROBENIOIDS I 23
The Geometry of Frobenioids I.pdf	1013	trivial; isotropic; Frobenius-isotropic), then we shall say that the pre-Frobenioid
The Geometry of Frobenioids I.pdf	1022	24 SHINICHI MOCHIZUKI
The Geometry of Frobenioids I.pdf	1028	We are now ready to deﬁne the notion of a “Frobenioid”.
The Geometry of Frobenioids I.pdf	1030	that the pre-Frobenioid C→ FΦ [i.e., C equipped with this functor] is a Frobenioid
The Geometry of Frobenioids I.pdf	1078	THE GEOMETRY OF FROBENIOIDS I 25
The Geometry of Frobenioids I.pdf	1108	is a Frobenioid, then the monoid O⊿(A)i s commutative, for all A ∈ Ob(C).
The Geometry of Frobenioids I.pdf	1111	pre-Frobenioid; φ : A → B a morphism of C.T h e n :
The Geometry of Frobenioids I.pdf	1115	(ii) Suppose that C is a Frobenioid.T h e nφ is a pull-back morphism if
The Geometry of Frobenioids I.pdf	1119	26 SHINICHI MOCHIZUKI
The Geometry of Frobenioids I.pdf	1120	(iii) Suppose that C is a Frobenioid. Then every LB-invertible pre-step
The Geometry of Frobenioids I.pdf	1122	(iv) Suppose that C is a Frobenioid. Then a morphism φ of C is co-angular
The Geometry of Frobenioids I.pdf	1125	(v) Suppose thatC is aFrobenioid. Then a morphismφ of C is LB-invertible
The Geometry of Frobenioids I.pdf	1157	Remark 1.4.1. We refer to the Chart of Types of Morphisms in a Frobenioid
The Geometry of Frobenioids I.pdf	1160	of morphisms in a Frobenioid.
The Geometry of Frobenioids I.pdf	1162	THE GEOMETRY OF FROBENIOIDS I 27
The Geometry of Frobenioids I.pdf	1163	Proposition 1.5. (Elementary Frobenioids are Frobenioids) Let Φ be a
The Geometry of Frobenioids I.pdf	1165	(i) FΦ, equipped with the natural functorFΦ → FΦchar,i sa Frobenioid of Aut-
The Geometry of Frobenioids I.pdf	1181	Frobenioid. It is immediate from the deﬁnitions that assertion (ii) holds, and that
The Geometry of Frobenioids I.pdf	1192	One important technique for constructing new Frobenioidsis given by the fol-
The Geometry of Frobenioids I.pdf	1195	monoid on a connected, totally epimorphic category D; C→ FΦ a Frobenioid.
The Geometry of Frobenioids I.pdf	1205	28 SHINICHI MOCHIZUKI
The Geometry of Frobenioids I.pdf	1210	C→ FΦ]i sa Frobenioid.
The Geometry of Frobenioids I.pdf	1232	Frobenioid. Now assertion (vi) follows immediately from the deﬁnitions; one checks
The Geometry of Frobenioids I.pdf	1235	C′ is a Frobenioid. This completes the proof of assertion (ii). ⃝
The Geometry of Frobenioids I.pdf	1237	monoid on a connected, totally epimorphic category D; C→ FΦ a Frobenioid.
The Geometry of Frobenioids I.pdf	1248	THE GEOMETRY OF FROBENIOIDS I 29
The Geometry of Frobenioids I.pdf	1293	30 SHINICHI MOCHIZUKI
The Geometry of Frobenioids I.pdf	1304	totally epimorphic category D; C→ FΦ a Frobenioid.T h e n :
The Geometry of Frobenioids I.pdf	1332	monoid on a connected, totally epimorphic category D; C→ FΦ a Frobenioid.
The Geometry of Frobenioids I.pdf	1334	THE GEOMETRY OF FROBENIOIDS I 31
The Geometry of Frobenioids I.pdf	1385	32 SHINICHI MOCHIZUKI
The Geometry of Frobenioids I.pdf	1387	Frobenioid. Moreover, the functor
The Geometry of Frobenioids I.pdf	1426	THE GEOMETRY OF FROBENIOIDS I 33
The Geometry of Frobenioids I.pdf	1454	is a pre-Frobenioid. It is immediate from the deﬁnition of an isotropic hull that the
The Geometry of Frobenioids I.pdf	1469	[from the fact that C is a Frobenioid!] that the pre-Frobenioid Cistr satisﬁes the
The Geometry of Frobenioids I.pdf	1470	various conditions of Deﬁnition 1.3, hence that Cistr is a Frobenioid, as desired.
The Geometry of Frobenioids I.pdf	1475	34 SHINICHI MOCHIZUKI
The Geometry of Frobenioids I.pdf	1485	monoid on a connected, totally epimorphic category D; C→ FΦ a Frobenioid.
The Geometry of Frobenioids I.pdf	1522	THE GEOMETRY OF FROBENIOIDS I 35
The Geometry of Frobenioids I.pdf	1525	(vi) The Frobenioid Cistr is of sub-quasi-Frobenius-trivial type. Moreover,
The Geometry of Frobenioids I.pdf	1572	36 SHINICHI MOCHIZUKI
The Geometry of Frobenioids I.pdf	1578	(i), (a), (b) [applied to the Frobenioid Cistr — cf. Proposition 1.9, (v)], there exist
The Geometry of Frobenioids I.pdf	1594	Cistr is a Frobenioid — cf. Proposition 1.9, (v)] it follows from Deﬁnition 1.3, (i),
The Geometry of Frobenioids I.pdf	1618	THE GEOMETRY OF FROBENIOIDS I 37
The Geometry of Frobenioids I.pdf	1673	38 SHINICHI MOCHIZUKI
The Geometry of Frobenioids I.pdf	1720	THE GEOMETRY OF FROBENIOIDS I 39
The Geometry of Frobenioids I.pdf	1724	in the case of Frobenioids] “Frobenius-trivial” implies “universally Div-Frobenius-
The Geometry of Frobenioids I.pdf	1727	a connected, totally epimorphic category D; C→ FΦ a Frobenioid; A ∈ Ob(C);
The Geometry of Frobenioids I.pdf	1756	on a connected, totally epimorphic categoryD; C→ FΦ a Frobenioid; A ∈ Ob(C);
The Geometry of Frobenioids I.pdf	1762	40 SHINICHI MOCHIZUKI
The Geometry of Frobenioids I.pdf	1791	[which, by Proposition 1.5, (i), is itself aFrobenioid] induced by α are base-identity
The Geometry of Frobenioids I.pdf	1813	THE GEOMETRY OF FROBENIOIDS I 41
The Geometry of Frobenioids I.pdf	1815	morphism monoid equal to the elementary Frobenioid FM [so C equipped with the
The Geometry of Frobenioids I.pdf	1817	FM → FM char is a Frobenioid, by Proposition 1.5, (i)], then any collection of ele-
The Geometry of Frobenioids I.pdf	1822	One key result for analyzing thecategory-theoretic structure of Frobenioids[cf.
The Geometry of Frobenioids I.pdf	1825	on a connected, totally epimorphic categoryD; C→ FΦ a Frobenioid of isotropic
The Geometry of Frobenioids I.pdf	1854	42 SHINICHI MOCHIZUKI
The Geometry of Frobenioids I.pdf	1902	THE GEOMETRY OF FROBENIOIDS I 43
The Geometry of Frobenioids I.pdf	1950	44 SHINICHI MOCHIZUKI
The Geometry of Frobenioids I.pdf	1952	In the present §2, we discuss various functors between Frobenioids that are
The Geometry of Frobenioids I.pdf	1957	category D and a Frobenioid C→ FΦ.
The Geometry of Frobenioids I.pdf	1991	THE GEOMETRY OF FROBENIOIDS I 45
The Geometry of Frobenioids I.pdf	2036	46 SHINICHI MOCHIZUKI
The Geometry of Frobenioids I.pdf	2038	tion 1.3, (i), (a) [i.e., applied to the Frobenioid Cistr — cf. Proposition 1.9, (v)],
The Geometry of Frobenioids I.pdf	2089	THE GEOMETRY OF FROBENIOIDS I 47
The Geometry of Frobenioids I.pdf	2157	48 SHINICHI MOCHIZUKI
The Geometry of Frobenioids I.pdf	2197	that the FrobenioidC is of Frobenius-normalized, metrically trivial,a n dAut-
The Geometry of Frobenioids I.pdf	2204	THE GEOMETRY OF FROBENIOIDS I 49
The Geometry of Frobenioids I.pdf	2214	that C(d), equipped with the natural functor C(d) → Fd·Φ,i sa Frobenioid].
The Geometry of Frobenioids I.pdf	2252	50 SHINICHI MOCHIZUKI
The Geometry of Frobenioids I.pdf	2287	istic splitting on C; d ∈ N≥1. Suppose that the Frobenioid C is of Frobenius-
The Geometry of Frobenioids I.pdf	2303	THE GEOMETRY OF FROBENIOIDS I 51
The Geometry of Frobenioids I.pdf	2324	Deﬁnition 2.7. Suppose that the Frobenioid C is of isotropic type.
The Geometry of Frobenioids I.pdf	2325	(i) We shall refer to as a base-section of the Frobenioid C any subcategory
The Geometry of Frobenioids I.pdf	2337	Remark 1.1.1]. We shall refer to as a[P-]Frobenius-sectionof the Frobenioid C any
The Geometry of Frobenioids I.pdf	2349	52 SHINICHI MOCHIZUKI
The Geometry of Frobenioids I.pdf	2353	shall refer to such a pair as aquasi-base-Frobenius pair. If the Frobenioid C admits
The Geometry of Frobenioids I.pdf	2363	(a)] are the identity arrows. Suppose further that the Frobenioid C is of base-trivial
The Geometry of Frobenioids I.pdf	2390	THE GEOMETRY OF FROBENIOIDS I 53
The Geometry of Frobenioids I.pdf	2394	Frobenioid C is of Frobenius-normalized, base-trivial, isotropic,a n d Aut-
The Geometry of Frobenioids I.pdf	2431	54 SHINICHI MOCHIZUKI
The Geometry of Frobenioids I.pdf	2482	THE GEOMETRY OF FROBENIOIDS I 55
The Geometry of Frobenioids I.pdf	2486	Remark 2.9.1. By “base-changing”the FrobenioidC via various functorsD′ →D
The Geometry of Frobenioids I.pdf	2488	as in Proposition 2.9, (ii), for many Frobenioids whose base categories do not nec-
The Geometry of Frobenioids I.pdf	2494	56 SHINICHI MOCHIZUKI
The Geometry of Frobenioids I.pdf	2500	Frobenioids.
The Geometry of Frobenioids I.pdf	2503	category D and a Frobenioid C→ FΦ.
The Geometry of Frobenioids I.pdf	2534	(iii) Suppose that the Frobenioid C is of Frobenius-isotropic type. Then we
The Geometry of Frobenioids I.pdf	2538	THE GEOMETRY OF FROBENIOIDS I 57
The Geometry of Frobenioids I.pdf	2574	An iso-subanchor of the Frobenioid C is never isotropic. [In particular, if
The Geometry of Frobenioids I.pdf	2586	58 SHINICHI MOCHIZUKI
The Geometry of Frobenioids I.pdf	2620	Proposition 3.2. (Perfections of Frobenioids) Suppose that the Frobenioid
The Geometry of Frobenioids I.pdf	2630	— where the vertical arrow on the left is the functor that deﬁnes the Frobenioid
The Geometry of Frobenioids I.pdf	2633	THE GEOMETRY OF FROBENIOIDS I 59
The Geometry of Frobenioids I.pdf	2636	3.1, (iii). In particular, the functor Cpf → FΦpf determines a pre-Frobenioid
The Geometry of Frobenioids I.pdf	2645	(i), is a Frobenioid of perfect and isotropic type. Moreover, there is a natural
The Geometry of Frobenioids I.pdf	2648	Proof. In light of our assumption that the Frobenioid C is of Frobenius-isotropic
The Geometry of Frobenioids I.pdf	2680	60 SHINICHI MOCHIZUKI
The Geometry of Frobenioids I.pdf	2687	a natural structure of Frobenioid on Cun-tr, with respect to which Cun-tr is of
The Geometry of Frobenioids I.pdf	2695	is an equivalence of categories if and only if the FrobenioidC is of Aut-ample,
The Geometry of Frobenioids I.pdf	2728	THE GEOMETRY OF FROBENIOIDS I 61
The Geometry of Frobenioids I.pdf	2740	Frobenioid Cistr [cf. Proposition 1.9, (v)], we may replace C by Cistr and assume
The Geometry of Frobenioids I.pdf	2778	62 SHINICHI MOCHIZUKI
The Geometry of Frobenioids I.pdf	2781	phic category Di; Ci → FΦi a Frobenioid;
The Geometry of Frobenioids I.pdf	2842	THE GEOMETRY OF FROBENIOIDS I 63
The Geometry of Frobenioids I.pdf	2900	64 SHINICHI MOCHIZUKI
The Geometry of Frobenioids I.pdf	2944	THE GEOMETRY OF FROBENIOIDS I 65
The Geometry of Frobenioids I.pdf	3001	66 SHINICHI MOCHIZUKI
The Geometry of Frobenioids I.pdf	3056	THE GEOMETRY OF FROBENIOIDS I 67
The Geometry of Frobenioids I.pdf	3118	68 SHINICHI MOCHIZUKI
The Geometry of Frobenioids I.pdf	3174	THE GEOMETRY OF FROBENIOIDS I 69
The Geometry of Frobenioids I.pdf	3218	be identiﬁed with the elementary Frobenioid determined by the [manifestly non-
The Geometry of Frobenioids I.pdf	3221	Frobenioid of Frobenius-normalized and isotropic type,w h i c hi snot of group-like type
The Geometry of Frobenioids I.pdf	3231	70 SHINICHI MOCHIZUKI
The Geometry of Frobenioids I.pdf	3234	Example 3.6. Frobenioids of Standard and Group-like Type. Let
The Geometry of Frobenioids I.pdf	3249	Frobenioiddetermined by the [manifestlynon-dilating] monoid on D that assigns to
The Geometry of Frobenioids I.pdf	3251	morphism of G.I np a r t i c u l a r ,C is a Frobenioid of Frobenius-normalized, isotropic,
The Geometry of Frobenioids I.pdf	3275	= FΦ.T h u s ,C is a Frobenioid of Frobenius-normalized and isotropic type,
The Geometry of Frobenioids I.pdf	3284	THE GEOMETRY OF FROBENIOIDS I 71
The Geometry of Frobenioids I.pdf	3285	[cf. the description of elementary Frobenioids in Deﬁnition 1.1, (iii)]. Thus, by
The Geometry of Frobenioids I.pdf	3311	= FΦ.T h u s ,C is a Frobenioid of Frobenius-normalized,
The Geometry of Frobenioids I.pdf	3326	[cf. the description of elementary Frobenioids in Deﬁnition 1.1, (iii)]. In particular,
The Geometry of Frobenioids I.pdf	3349	72 SHINICHI MOCHIZUKI
The Geometry of Frobenioids I.pdf	3354	= FΦ.T h u s ,C is a Frobenioid of Frobenius-normalized
The Geometry of Frobenioids I.pdf	3365	[cf. the description of elementary Frobenioids in Deﬁnition 1.1, (iii)]. In particular,
The Geometry of Frobenioids I.pdf	3376	be identiﬁed with the elementary Frobenioid determined by the [manifestly non-
The Geometry of Frobenioids I.pdf	3379	Frobenioid of Frobenius-normalized and isotropic type,w h i c hi snot of group-like
The Geometry of Frobenioids I.pdf	3394	THE GEOMETRY OF FROBENIOIDS I 73
The Geometry of Frobenioids I.pdf	3395	Finally, before proceeding, we consider the case of Frobenioids of group-like
The Geometry of Frobenioids I.pdf	3397	Proposition 3.11. (Frobenioids of Isotropic, Unit-trivial, and Group-
The Geometry of Frobenioids I.pdf	3400	totally epimorphic category Di of FSMFF-type ; Ci → FΦi a Frobenioid of
The Geometry of Frobenioids I.pdf	3427	Ci → FΦi is essentially surjective and faithful. Since the Frobenioid Ci is of group-
The Geometry of Frobenioids I.pdf	3429	Propositions 1.4, (i); 1.8, (iii)], hence that the Frobenioid Ci is of Aut-ample and
The Geometry of Frobenioids I.pdf	3443	74 SHINICHI MOCHIZUKI
The Geometry of Frobenioids I.pdf	3469	THE GEOMETRY OF FROBENIOIDS I 75
The Geometry of Frobenioids I.pdf	3472	in the deﬁnition of a Frobenioid [cf. Deﬁnition 1.3] may, under suitable conditions,
The Geometry of Frobenioids I.pdf	3475	Frobenioid that appears in the deﬁnition of a Frobenioid [cf. Deﬁnition 1.3] may
The Geometry of Frobenioids I.pdf	3476	be recovered entirely from the structure of a Frobenioid as anabstract category[cf.
The Geometry of Frobenioids I.pdf	3480	epimorphic category D and a Frobenioid C→ FΦ.
The Geometry of Frobenioids I.pdf	3523	76 SHINICHI MOCHIZUKI
The Geometry of Frobenioids I.pdf	3576	THE GEOMETRY OF FROBENIOIDS I 77
The Geometry of Frobenioids I.pdf	3600	category Di; Ci → FΦi a Frobenioid of standard and isotropic type, which is
The Geometry of Frobenioids I.pdf	3626	78 SHINICHI MOCHIZUKI
The Geometry of Frobenioids I.pdf	3688	THE GEOMETRY OF FROBENIOIDS I 79
The Geometry of Frobenioids I.pdf	3762	80 SHINICHI MOCHIZUKI
The Geometry of Frobenioids I.pdf	3835	THE GEOMETRY OF FROBENIOIDS I 81
The Geometry of Frobenioids I.pdf	3901	82 SHINICHI MOCHIZUKI
The Geometry of Frobenioids I.pdf	3912	totally epimorphic, this functor determines a pre-Frobenioid structureon C.M o r e -
The Geometry of Frobenioids I.pdf	3917	veriﬁes immediately that C is a Frobenioid of isotropic type.S i n c eD is clearly of
The Geometry of Frobenioids I.pdf	3931	theoretically from C”, it is necessary to ﬁnd natural conditions on the Frobenioid C
The Geometry of Frobenioids I.pdf	3933	approach to doing this is the introduction of the birationalization of a Frobenioid,
The Geometry of Frobenioids I.pdf	3935	Proposition 4.4. (Birationalization of a Frobenioid I) For A, B ∈ Ob(C),
The Geometry of Frobenioids I.pdf	3951	THE GEOMETRY OF FROBENIOIDS I 83
The Geometry of Frobenioids I.pdf	3965	where the functors between elementary Frobenioids are those induced by the natural
The Geometry of Frobenioids I.pdf	3969	(ii) The functor Cbirat → F0D of (i) determines a structure of Frobenioid
The Geometry of Frobenioids I.pdf	3973	functor “ O×(−)”o nD associated to the FrobenioidCbirat [cf. Proposition 2.2, (ii),
The Geometry of Frobenioids I.pdf	3974	(iii)] as the rational function monoid of the Frobenioid C.
The Geometry of Frobenioids I.pdf	3995	84 SHINICHI MOCHIZUKI
The Geometry of Frobenioids I.pdf	4053	that of C. Thus, the functor Cbirat → F0D determines a structure of pre-Frobenioid
The Geometry of Frobenioids I.pdf	4064	THE GEOMETRY OF FROBENIOIDS I 85
The Geometry of Frobenioids I.pdf	4103	birat is, in fact, a Frobenioid of group-like type.M o r e o v e r ,i t
The Geometry of Frobenioids I.pdf	4111	86 SHINICHI MOCHIZUKI
The Geometry of Frobenioids I.pdf	4151	THE GEOMETRY OF FROBENIOIDS I 87
The Geometry of Frobenioids I.pdf	4161	functor, C is a Frobenioid of isotropic and standard typewhich is not of group-like
The Geometry of Frobenioids I.pdf	4175	similar” to an elementary Frobenioid, the presence of the “ ξp’s” means that it is
The Geometry of Frobenioids I.pdf	4176	not, in general, an elementary Frobenioid.]
The Geometry of Frobenioids I.pdf	4202	88 SHINICHI MOCHIZUKI
The Geometry of Frobenioids I.pdf	4204	Proposition 4.8. (Birationalization of a Frobenioid II)
The Geometry of Frobenioids I.pdf	4236	Ci → FΦi a Frobenioid of rationally standard type;
The Geometry of Frobenioids I.pdf	4247	THE GEOMETRY OF FROBENIOIDS I 89
The Geometry of Frobenioids I.pdf	4306	90 SHINICHI MOCHIZUKI
The Geometry of Frobenioids I.pdf	4389	Remark 4.9.1. One veriﬁes immediately that the Frobenioid of Example 4.3 is
The Geometry of Frobenioids I.pdf	4393	Di of FSMFF-type; Ci → FΦi a Frobenioid of quasi-isotropic type;
The Geometry of Frobenioids I.pdf	4398	THE GEOMETRY OF FROBENIOIDS I 91
The Geometry of Frobenioids I.pdf	4426	Frobenioid I) For i =1 , 2,l e tΦi be a perf-factorial divisorial monoid on a
The Geometry of Frobenioids I.pdf	4428	Ci → FΦi a Frobenioid of standard type;
The Geometry of Frobenioids I.pdf	4468	92 SHINICHI MOCHIZUKI
The Geometry of Frobenioids I.pdf	4497	[where the vertical arrows are the functors that deﬁne the Frobenioid structures on
The Geometry of Frobenioids I.pdf	4528	THE GEOMETRY OF FROBENIOIDS I 93
The Geometry of Frobenioids I.pdf	4610	94 SHINICHI MOCHIZUKI
The Geometry of Frobenioids I.pdf	4612	alences of categories]. Since, moreover, the Frobenioids (Cbirat
The Geometry of Frobenioids I.pdf	4636	tion (iv). In light of the structure of an elementary Frobenioid [cf. Deﬁnition 1.1,
The Geometry of Frobenioids I.pdf	4654	Frobenioid II) For i =1 , 2,l e t Φi be a divisorial monoid on a connected,
The Geometry of Frobenioids I.pdf	4655	totally epimorphic category Di which is Frobenius-slim; Ci → FΦi a Frobenioid
The Geometry of Frobenioids I.pdf	4664	THE GEOMETRY OF FROBENIOIDS I 95
The Geometry of Frobenioids I.pdf	4705	ple 3.10 to be residually ﬁnite , then the Frobenioid of Example 3.10 is ofrationally
The Geometry of Frobenioids I.pdf	4714	96 SHINICHI MOCHIZUKI
The Geometry of Frobenioids I.pdf	4715	Section 5: Model Frobenioids
The Geometry of Frobenioids I.pdf	4716	In the present §5, we study the extent to which an arbitrary Frobenioid of
The Geometry of Frobenioids I.pdf	4717	isotropic type may be constructed explicitly as a “model Frobenioid”. This study of
The Geometry of Frobenioids I.pdf	4718	“model Frobenioids” will be of use in the consideration of the concrete examples of
The Geometry of Frobenioids I.pdf	4719	Frobenioids that we discuss in §6b e l o w .
The Geometry of Frobenioids I.pdf	4722	totally epimorphic category D and a Frobenioid C→ FΦ.
The Geometry of Frobenioids I.pdf	4723	Theorem 5.1. (Divisorial Descriptions) Suppose that the Frobenioid C is
The Geometry of Frobenioids I.pdf	4783	THE GEOMETRY OF FROBENIOIDS I 97
The Geometry of Frobenioids I.pdf	4796	Frobenioid of isotropic, group-like, base-trivial,a n d Aut-ample type. In
The Geometry of Frobenioids I.pdf	4831	98 SHINICHI MOCHIZUKI
The Geometry of Frobenioids I.pdf	4909	THE GEOMETRY OF FROBENIOIDS I 99
The Geometry of Frobenioids I.pdf	4953	Deﬁnition 1.3, i.e., that CFr-tr is a Frobenioid [of isotropic, group-like, base-trivial,
The Geometry of Frobenioids I.pdf	4967	100 SHINICHI MOCHIZUKI
The Geometry of Frobenioids I.pdf	4969	from the structure of an elementary Frobenioid[cf. the description of the kernel in
The Geometry of Frobenioids I.pdf	4974	Theorem 5.2. (Model Frobenioids) Let Φ
The Geometry of Frobenioids I.pdf	5033	THE GEOMETRY OF FROBENIOIDS I 101
The Geometry of Frobenioids I.pdf	5035	is a Frobenioid [with respect to the functor C
The Geometry of Frobenioids I.pdf	5040	as the model Frobenioid deﬁned by the divisor
The Geometry of Frobenioids I.pdf	5045	phism of functors between the functor “ O×(−)”o n D associated to the Frobenioid
The Geometry of Frobenioids I.pdf	5066	to the Frobenioid C [cf. Proposition 4.4, (ii)]; DivB : B → Φ
The Geometry of Frobenioids I.pdf	5078	assertion (ii), is reminiscent of the veriﬁcation that “elementary Frobenioids are
The Geometry of Frobenioids I.pdf	5079	Frobenioids” in Proposition 1.5, (i)]; in light of assertion (ii), assertion (iii) follows
The Geometry of Frobenioids I.pdf	5098	102 SHINICHI MOCHIZUKI
The Geometry of Frobenioids I.pdf	5114	that the category E is also a skeleton; that the Frobenioid E
The Geometry of Frobenioids I.pdf	5153	THE GEOMETRY OF FROBENIOIDS I 103
The Geometry of Frobenioids I.pdf	5160	nioid “ C” of Example 4.6 constitutes an example of a Frobenioid ofisotropic, stan-
The Geometry of Frobenioids I.pdf	5162	Proposition 5.3. (Realiﬁcations of Frobenioids) Suppose that Φ is perf-
The Geometry of Frobenioids I.pdf	5165	of the Frobenioid C the model Frobenioid [cf. Theorem 5.2, (ii)] associated to
The Geometry of Frobenioids I.pdf	5170	of (Φrlf)gp(AD) generated by Φbirat(AD)]. Moreover, the Frobenioid Cun-tr (respec-
The Geometry of Frobenioids I.pdf	5171	tively, (Cun-tr)pf)i so f model type and may be obtained as the model Frobenioid
The Geometry of Frobenioids I.pdf	5186	Proof. Since Frobenioids of unit-trivial type are always of model type [cf. The-
The Geometry of Frobenioids I.pdf	5191	category Di which is Div-slim [with respect to Φi]; Ci → FΦi a Frobenioid of
The Geometry of Frobenioids I.pdf	5199	104 SHINICHI MOCHIZUKI
The Geometry of Frobenioids I.pdf	5232	tors to the respective elementary Frobenioids] between(Cpf)un-tr and (Cun-tr)pf and
The Geometry of Frobenioids I.pdf	5238	(iv) If C is themodel Frobenioidassociated to dataΦ, B, DivB : B → Φgp [cf.
The Geometry of Frobenioids I.pdf	5240	with the functors to the respective elementary Frobenioids] betweenCpf (respectively,
The Geometry of Frobenioids I.pdf	5241	Cun-tr; Crlf) and the model Frobenioid associated to the dataΦpf, Bpf, Bpf → (Φgp)pf
The Geometry of Frobenioids I.pdf	5248	THE GEOMETRY OF FROBENIOIDS I 105
The Geometry of Frobenioids I.pdf	5297	106 SHINICHI MOCHIZUKI
The Geometry of Frobenioids I.pdf	5355	since the Frobenioid CFr-tr is of Aut-ample type [cf. Theorem 5.1, (iii)], it follows
The Geometry of Frobenioids I.pdf	5361	THE GEOMETRY OF FROBENIOIDS I 107
The Geometry of Frobenioids I.pdf	5451	bundle” [cf. Remark 2.7.1; the Frobenioids of Examples 6.1, 6.3 below].
The Geometry of Frobenioids I.pdf	5454	category Di which is Div-slim [with respect to Φi]; Ci → FΦi a Frobenioid of
The Geometry of Frobenioids I.pdf	5460	108 SHINICHI MOCHIZUKI
The Geometry of Frobenioids I.pdf	5482	THE GEOMETRY OF FROBENIOIDS I 109
The Geometry of Frobenioids I.pdf	5485	arithmetic geometry of the theory of Frobenioids. In particular, in the case of
The Geometry of Frobenioids I.pdf	5490	Example 6.1. A Frobenioid of Geometric Origin. Let V be a proper
The Geometry of Frobenioids I.pdf	5524	B → Φgp. Thus, by Theorem 5.2, (ii), this data determines a [model] Frobenioid
The Geometry of Frobenioids I.pdf	5529	110 SHINICHI MOCHIZUKI
The Geometry of Frobenioids I.pdf	5554	Theorem 6.2. (Geometric Frobenioids) For i =1 , 2,l e tVi be a proper
The Geometry of Frobenioids I.pdf	5572	for the associated model Frobenioid of Theorem 5.2, (ii). Then:
The Geometry of Frobenioids I.pdf	5582	THE GEOMETRY OF FROBENIOIDS I 111
The Geometry of Frobenioids I.pdf	5613	a model Frobenioid in Theorem 5.2, (i), that we obtain a functor Ψ : C1 →C 2
The Geometry of Frobenioids I.pdf	5628	112 SHINICHI MOCHIZUKI
The Geometry of Frobenioids I.pdf	5664	Example 6.3. A Frobenioid of Arithmetic Origin. Let F be a number
The Geometry of Frobenioids I.pdf	5690	THE GEOMETRY OF FROBENIOIDS I 113
The Geometry of Frobenioids I.pdf	5727	Frobenioid
The Geometry of Frobenioids I.pdf	5760	114 SHINICHI MOCHIZUKI
The Geometry of Frobenioids I.pdf	5766	next natural step is to attempt to apply the theory of Frobenioids to study arith-
The Geometry of Frobenioids I.pdf	5770	a natural direction in which to further develop the theory of Frobenioids.
The Geometry of Frobenioids I.pdf	5771	Theorem 6.4. (Arithmetic Frobenioids) For i =1 , 2,l e tFi be a number
The Geometry of Frobenioids I.pdf	5782	the associated model Frobenioid of Theorem 5.2, (ii). Then:
The Geometry of Frobenioids I.pdf	5785	these indices]. Then the Frobenioids C, Cpf, Crlf, Cun-tr, (Cpf)un-tr are of isotropic
The Geometry of Frobenioids I.pdf	5818	THE GEOMETRY OF FROBENIOIDS I 115
The Geometry of Frobenioids I.pdf	5848	the Frobenioid C is ofisotropic and birationally Frobenius-normalizedtype, and that
The Geometry of Frobenioids I.pdf	5876	116 SHINICHI MOCHIZUKI
The Geometry of Frobenioids I.pdf	5925	THE GEOMETRY OF FROBENIOIDS I 117
The Geometry of Frobenioids I.pdf	5936	118 SHINICHI MOCHIZUKI
The Geometry of Frobenioids I.pdf	5973	THE GEOMETRY OF FROBENIOIDS I 119
The Geometry of Frobenioids I.pdf	5987	120 SHINICHI MOCHIZUKI
The Geometry of Frobenioids I.pdf	6005	base-Frobenius pair (of a Frobenioid), 2.7, (iii)
The Geometry of Frobenioids I.pdf	6012	birationalization (of a Frobenioid), 4.4
The Geometry of Frobenioids I.pdf	6032	THE GEOMETRY OF FROBENIOIDS I 121
The Geometry of Frobenioids I.pdf	6037	elementary Frobenioid, 1.1, (iii)
The Geometry of Frobenioids I.pdf	6041	factorization of morphisms of a Frobenioid, 1.3, (iv), (a)
The Geometry of Frobenioids I.pdf	6042	factorization of pre-steps of a Frobenioid, 1.3, (v), (b), (c)
The Geometry of Frobenioids I.pdf	6047	Frobenioid, 1.3
The Geometry of Frobenioids I.pdf	6051	Frobenius functor (on an elementary Frobenioid), 2.4, (iii)
The Geometry of Frobenioids I.pdf	6063	group-like (object of a pre-Frobenioid), 1.2, (iv), (v)
The Geometry of Frobenioids I.pdf	6078	122 SHINICHI MOCHIZUKI
The Geometry of Frobenioids I.pdf	6085	model Frobenioid, 5.2, (ii)
The Geometry of Frobenioids I.pdf	6103	perfection (of a Frobenioid), 3.1, (iii)
The Geometry of Frobenioids I.pdf	6106	perfect (object of a pre-Frobenioid), 1.2, (iv)
The Geometry of Frobenioids I.pdf	6109	pre-Frobenioid, 1.1, (iv)
The Geometry of Frobenioids I.pdf	6110	pre-Frobenioid structure, 1.1, (iv)
The Geometry of Frobenioids I.pdf	6120	quasi-base-Frobenius pair (of a Frobenioid), 2.7, (iii)
The Geometry of Frobenioids I.pdf	6125	THE GEOMETRY OF FROBENIOIDS I 123
The Geometry of Frobenioids I.pdf	6133	realiﬁcation (of a Frobenioid), 5.3
The Geometry of Frobenioids I.pdf	6145	standard Frobenioid, 1.1, (iii)
The Geometry of Frobenioids I.pdf	6164	unit-trivialization (of a Frobenioid), 3.1, (iv)
The Geometry of Frobenioids I.pdf	6169	124 SHINICHI MOCHIZUKI
The Geometry of Frobenioids I.pdf	6170	Chart of Types of Morphisms in a Frobenioid
The Geometry of Frobenioids I.pdf	6233	THE GEOMETRY OF FROBENIOIDS I 125
The Geometry of Frobenioids I.pdf	6239	[Mzk1] S. Mochizuki, A Theory of Ordinary p-adic Curves, Publ. of RIMS 32 (1996),
The Geometry of Frobenioids I.pdf	6241	[Mzk2] S. Mochizuki, Foundations of p-adic Teichm¨uller Theory, AMS/IP Studies
The Geometry of Frobenioids I.pdf	6244	[Mzk3] S. Mochizuki, A Survey of the Hodge-Arakelov Theory of Elliptic Curves I,
The Geometry of Frobenioids I.pdf	6248	[Mzk4] S. Mochizuki, A Survey of the Hodge-Arakelov Theory of Elliptic Curves II,
The Geometry of Frobenioids I.pdf	6251	[Mzk5] S. Mochizuki, The Absolute Anabelian Geometry of Hyperbolic Curves,Galois
The Geometry of Frobenioids I.pdf	6253	[Mzk6] S. Mochizuki, The Absolute Anabelian Geometry of Canonical Curves,Kazuya
The Geometry of Frobenioids I.pdf	6255	[Mzk7] S. Mochizuki, The Geometry of Anabelioids, Publ. Res. Inst. Math. Sci. 40
The Geometry of Frobenioids I.pdf	6257	[Mzk8] S. Mochizuki, Categorical representation of locally noetherian log schemes,
The Geometry of Frobenioids I.pdf	6259	[Mzk9] S. Mochizuki, Categories of log schemes with Archimedean structures,J. Math.
The Geometry of Frobenioids I.pdf	6261	[Mzk10] S. Mochizuki, Galois Sections in Absolute Anabelian Geometry,Nagoya Math.
The Geometry of Frobenioids I.pdf	6263	[Mzk11] S. Mochizuki, Semi-graphs of Anabelioids, Publ. Res. Inst. Math. Sci. 42
The Geometry of Frobenioids I.pdf	6265	[Mzk12] S. Mochizuki, A combinatorial version of the Grothendieck conjecture,Tohoku
The Geometry of Frobenioids I.pdf	6267	[Mzk13] S. Mochizuki, Conformal and Quasiconformal Categorical Representation of
The Geometry of Frobenioids I.pdf	6269	[Mzk14] S. Mochizuki, Absolute anabelian cuspidalizations of proper hyperbolic curves,
The Geometry of Frobenioids I.pdf	6272	126 SHINICHI MOCHIZUKI
The Geometry of Frobenioids I.pdf	6273	[Mzk15] S. Mochizuki, The Geometry of Frobenioids II: Poly-Frobenioids, RIMS Preprint
The Geometry of Frobenioids I.pdf	6275	[Mzk16] S. Mochizuki, The ´Etale Theta Function and its Frobenioid-theoretic Manifes-
The Geometry of Frobenioids II (comments).pdf	102	[FrdI] S. Mochizuki, The Geometry of Frobenioids I: The General Theory,Kyushu J.
The Geometry of Frobenioids II.pdf	3611	[Mzk1] S. Mochizuki, The Absolute Anabelian Geometry of Hyperbolic Curves,Galois
The Geometry of Frobenioids II.pdf	3613	[Mzk2] S. Mochizuki, Semi-graphs of Anabelioids, Publ. Res. Inst. Math. Sci. 42
The Geometry of Frobenioids II.pdf	3615	[Mzk3] S. Mochizuki, Conformal and Quasiconformal Categorical Representation of
The Geometry of Frobenioids II.pdf	3617	[Mzk4] S. Mochizuki, Absolute anabelian cuspidalizations of proper hyperbolic curves,
The Geometry of Frobenioids II.pdf	3619	[Mzk5] S. Mochizuki, The Geometry of Frobenioids I: The General Theory , RIMS
The Grothendieck Conjecture on the Fundamental Groups of Algebraic Curves.pdf	1032	[IN] Y.Ihara, H.Nakamura, Some illustrative examples for anabelian geometry in high dimensions,i n[ 6 ]
The Grothendieck Conjecture on the Fundamental Groups of Algebraic Curves.pdf	1036	[M1] S.Mochizuki, The proﬁnite Grothendieck conjecture for hyperbolic curves over number ﬁelds, J. Math.
The Grothendieck Conjecture on the Fundamental Groups of Algebraic Curves.pdf	1040	[M3] , The local pro-p anabelian geometry of curves, RIMS Preprint 1097, Kyoto Univ. (1996).
The Grothendieck Conjecture on the Fundamental Groups of Algebraic Curves.pdf	1075	[P1] F.Pop, On Grothendieck’s conjecture of birational anabelian geometry, Ann. of Math. 138 (1994),
The Grothendieck Conjecture on the Fundamental Groups of Algebraic Curves.pdf	1077	[P2] , On Grothendieck’s conjecture of birational anabelian geometry II, Preprint (June 1995).
The Hodge-Arakelov Theory of Elliptic Curves in Positive Characteristic.pdf	1634	[Mzk1] S. Mochizuki, The Hodge-Arakelov Theory of Elliptic Curves: Global Discretiza-
The Hodge-Arakelov Theory of Elliptic Curves in Positive Characteristic.pdf	1636	[Mzk2] S. Mochizuki, The Scheme-Theoretic Theta Convolution, RIMS Preprint No.
The Hodge-Arakelov Theory of Elliptic Curves in Positive Characteristic.pdf	1638	[Mzk3] S. Mochizuki, Connections and Related Integral Structures on the Universal
The Hodge-Arakelov Theory of Elliptic Curves in Positive Characteristic.pdf	1640	[Mzk4] S. Mochizuki, The Galois-Theoretic Kodaira-Spencer Morphism of an Elliptic
The Hodge-Arakelov Theory of Elliptic Curves in Positive Characteristic.pdf	1642	[Mzk5] S. Mochizuki, Foundations of p-adic Teichm¨uller Theory, AMS/IP Studies
The Hodge-Arakelov Theory of Elliptic Curves.pdf	1411	[IN] Y.Ihara and H. Nakamura, Some illustrative examples for anabelian geometry in high
The Hodge-Arakelov Theory of Elliptic Curves.pdf	1426	[Mzk1] S. Mochizuki, A Theory of Ordinary p-adic Curves, Publ. of RIMS 32 (1996), pp.
The Hodge-Arakelov Theory of Elliptic Curves.pdf	1428	[Mzk2] S. Mochizuki, Foundations of p-adic Teichm¨uller Theory, AMS/IP Studies in Ad-
The Hodge-Arakelov Theory of Elliptic Curves.pdf	1430	[Mzk3] S. Mochizuki, The Local Pro- p Anabelian Geometry of Curves, to appear in Invent.
The Hodge-Arakelov Theory of Elliptic Curves.pdf	1432	[STC] S. Mochizuki, The Scheme-Theoretic Theta Convolution, manuscript.
The Hodge-Arakelov Theory of Elliptic Curves.pdf	1992	[Mzk1] S. Mochizuki, A Theory of Ordinary p-adic Curves, RIMS Preprint 1033 (September
The Hodge-Arakelov Theory of Elliptic Curves.pdf	1994	[Mzk2] S. Mochizuki, Foundations of p-adic Teichm¨uller Theory, AMS/IP Studies in Ad-
The Hodge-Arakelov Theory of Elliptic Curves.pdf	4714	[Mzk1] S. Mochizuki, A Theory of Ordinary p-adic Curves, RIMS Preprint 1033 (September
The Hodge-Arakelov Theory of Elliptic Curves.pdf	4716	[Mzk2] S. Mochizuki, Foundations of p-adic Teichm¨uller Theory, AMS/IP Studies in Ad-
The Hodge-Arakelov Theory of Elliptic Curves.pdf	11224	of the Hodge-Arakelov comparison isomorphism (Chapter VIII) as limiting cases of the
The Hodge-Arakelov Theory of Elliptic Curves.pdf	14015	[Mzk1] S. Mochizuki, A Theory of Ordinary p-adic Curves, Publ. of RIMS 32, No. 6 (1996),
The Hodge-Arakelov Theory of Elliptic Curves.pdf	14017	[Mzk2] S. Mochizuki, Foundations of p-adic Teichm¨uller Theory, AMS/IP Studies in Ad-
The Hodge-Arakelov Theory of Elliptic Curves.pdf	14030	Chapter VIII: The Hodge-Arakelov
The Hodge-Arakelov Theory of Elliptic Curves.pdf	14045	We refer to this result as the Hodge-Arakelov Comparison Isomorphism. In more precise
The Hodge-Arakelov Theory of Elliptic Curves.pdf	14048	Theorem A. (The Hodge-Arakelov Comparison Isomorphism) Let d, m ≥ 1 be
The Hodge-Arakelov Theory of Elliptic Curves.pdf	14315	duction to the present paper, the Hodge-Arakelov Comparison Isomorphism was originally
The Hodge-Arakelov Theory of Elliptic Curves.pdf	14335	as if the mathematics of the Hodge-Arakelov Comparison Isomorphism is trying to assert
The Hodge-Arakelov Theory of Elliptic Curves.pdf	17100	In this §, we prepare for the discussion of theHodge-Arakelov Comparison Isomorphism
The Hodge-Arakelov Theory of Elliptic Curves.pdf	17971	as the Hodge-Arakelov Comparison Isomorphism (cf. the Introduction to this Chapter).
The Hodge-Arakelov Theory of Elliptic Curves.pdf	18564	In this Chapter, we apply the Hodge-Arakelov Comparison Theorem (Chapter VIII,
The Hodge-Arakelov Theory of Elliptic Curves.pdf	18593	Hodge-Arakelov Comparison Isomorphism(Chapter VIII, Theorem A); in §1,2, we discuss
The Hodge-Arakelov Theory of Elliptic Curves.pdf	18864	of higher-dimensional abelian varieties. Since, however, the Hodge-Arakelov Comparison
The Hodge-Arakelov Theory of Elliptic Curves.pdf	19461	is entirely analogousto the deﬁnition of the Hodge-Arakelov Comparison
The Hodge-Arakelov Theory of Elliptic Curves.pdf	19687	Application of the Hodge-Arakelov Comparison Isomorphism
The Hodge-Arakelov Theory of Elliptic Curves.pdf	19688	In this §, we apply the Hodge-Arakelov Comparison Isomorphism (cf. Chapter VIII,
The Hodge-Arakelov Theory of Elliptic Curves.pdf	20251	[Mzk1] S. Mochizuki, A Theory of Ordinary p-adic Curves, Publ. of RIMS 32 (1996), pp.
The Hodge-Arakelov Theory of Elliptic Curves.pdf	20253	[Mzk2] S. Mochizuki, Foundations of p-adic Teichm¨uller Theory, AMS/IP Studies in Ad-
The Hodge-Arakelov Theory of Elliptic Curves.pdf	20255	[Mzk3] S. Mochizuki, The Local Pro- p Anabelian Geometry of Curves,Inv. Math.,t oa p p e a r .
The Intrinsic Hodge Theory of Hyperbolic Curves (Seoul 1998).pdf	781	[Mzk1] Mochizuki, S., A Theory of Ordinary p-adic Curves, RIMS Preprint 1033 (September
The Intrinsic Hodge Theory of Hyperbolic Curves (Seoul 1998).pdf	783	[Mzk2] Mochizuki, S., The Generalized Ordinary Moduli of p-adic Hyperbolic Curves, RIMS
The Intrinsic Hodge Theory of Hyperbolic Curves (Seoul 1998).pdf	785	[Mzk3] Mochizuki, S., Combinatorialization of p-adic Teichm¨uller Theory, RIMS Preprint
The Intrinsic Hodge Theory of Hyperbolic Curves (Seoul 1998).pdf	787	[Mzk4] Mochizuki, S., Foundations of p-adic Teichm¨uller Theory, to appear (as a book) from
The Intrinsic Hodge Theory of Hyperbolic Curves (Seoul 1998).pdf	789	[Mzk5] Mochizuki, S., The Local Pro- p Anabelian Geometry of Curves, RIMS Preprint 1097
The Intrinsic Hodge Theory of Hyperbolic Curves (Seoul 1998).pdf	791	[NTM] Nakamura, H., Tamagawa, A., and Mochizuki, S., The Grothendieck Conjecture on
The Intrinsic Hodge Theory of Hyperbolic Curves (Seoul 1998).pdf	794	[Pop] Pop, F., On Grothendieck’s conjecture of birational anabelian geometry II, Preprint
The Intrinsic Hodge Theory of p-adic Hyperbolic Curves (ICM98).pdf	421	[Mzk1] Mochizuki, S., A Theory of Ordinary p-adic Curves, RIMS Preprint 1033 (September
The Intrinsic Hodge Theory of p-adic Hyperbolic Curves (ICM98).pdf	423	[Mzk2] Mochizuki, S., The Generalized Ordinary Moduli of p-adic Hyperbolic Curves, RIMS
The Intrinsic Hodge Theory of p-adic Hyperbolic Curves (ICM98).pdf	425	[Mzk3] Mochizuki, S., Combinatorialization of p-adic Teichm¨uller Theory, RIMS Preprint
The Intrinsic Hodge Theory of p-adic Hyperbolic Curves (ICM98).pdf	427	[Mzk4] Mochizuki, S., Foundations of p-adic Teichm¨uller Theory, in preparation.
The Intrinsic Hodge Theory of p-adic Hyperbolic Curves (ICM98).pdf	428	[Mzk5] Mochizuki, S., The Local Pro- p Anabelian Geometry of Curves, RIMS Preprint 1097
The Intrinsic Hodge Theory of p-adic Hyperbolic Curves (ICM98).pdf	430	[Pop] Pop, F., On Grothendieck’s conjecture of birational anabelian geometry II, Preprint
The Intrinsic Hodge Theory of p-adic Hyperbolic Curves (ICM98).pdf	436	Shinichi Mochizuki
The Intrinsic Hodge Theory of p-adic Hyperbolic Curves (Nara 1998).pdf	320	[Mzk1] Mochizuki, S., A Theory of Ordinary p-adic Curves, RIMS Preprint 1033 (September
The Intrinsic Hodge Theory of p-adic Hyperbolic Curves (Nara 1998).pdf	322	[Mzk2] Mochizuki, S., The Generalized Ordinary Moduli of p-adic Hyperbolic Curves, RIMS
The Intrinsic Hodge Theory of p-adic Hyperbolic Curves (Nara 1998).pdf	324	[Mzk3] Mochizuki, S., Combinatorialization of p-adic Teichm¨uller Theory, RIMS Preprint
The Intrinsic Hodge Theory of p-adic Hyperbolic Curves (Nara 1998).pdf	326	[Mzk4] Mochizuki, S., Foundations of p-adic Teichm¨uller Theory, to appear (as a book) from
The Intrinsic Hodge Theory of p-adic Hyperbolic Curves (Nara 1998).pdf	328	[Mzk5] Mochizuki, S., The Local Pro- p Anabelian Geometry of Curves, RIMS Preprint 1097
The Intrinsic Hodge Theory of p-adic Hyperbolic Curves (Nara 1998).pdf	330	[NTM] Nakamura, H., Tamagawa, A., and Mochizuki, S., The Grothendieck Conjecture on
The Intrinsic Hodge Theory of p-adic Hyperbolic Curves (Nara 1998).pdf	333	[Pop] Pop, F., On Grothendieck’s conjecture of birational anabelian geometry II, Preprint
The Local Pro-p Anabelian Geometry of Curves.pdf	5705	[IN] Y. Ihara and H. Nakamura, Some illustrative examples for anabelian geometry in high
The Local Pro-p Anabelian Geometry of Curves.pdf	5722	[Mzk1] S. Mochizuki, The Proﬁnite Grothendieck Conjecture for Closed Hyperbolic Curves
The Local Pro-p Anabelian Geometry of Curves.pdf	5724	[Mzk2] S. Mochizuki, The Local Pro-p Grothendieck Conjecture for Hyperbolic Curves, RIMS,
The Local Pro-p Anabelian Geometry of Curves.pdf	5726	[Mzk3] S. Mochizuki, The Geometry of the Compactiﬁcation of the Hurwitz Scheme, Publ. of
The Local Pro-p Anabelian Geometry of Curves.pdf	5740	[Pop1] F. Pop, Grothendieck’s Conjecture of Birational Anabelian Geometry, Ann. of Math.
The Local Pro-p Anabelian Geometry of Curves.pdf	5742	[Pop2] F. Pop, Grothendieck’s Conjecture of Birational Anabelian Geometry II,P r e p r i n tS e -
The Profinite Grothendieck Conjecture for Closed Hyperbolic Curves over Number Fields.pdf	2662	[Mzk] S. Mochizuki, The Geometry of the Compactiﬁcation of the Hurwitz Scheme, Publ. of
The Profinite Grothendieck Conjecture for Closed Hyperbolic Curves over Number Fields.pdf	2664	[Mzk2] S. Mochizuki, The Local Pro-p Grothendieck Conjecture for Hyperbolic Curves, RIMS
The Scheme-theoretic Theta Convolution.pdf	2987	[HAT] S. Mochizuki, The Hodge-Arakelov Theory of Elliptic Curves: Global Discretization of
Topics in Absolute Anabelian Geometry I.pdf	4335	[Mzk1] S.Mochizuki,AVersionoftheGrothendieckConjecturefor p-adicLocalFields,
Topics in Absolute Anabelian Geometry I.pdf	4337	[Mzk2] S. Mochizuki, Correspondences on Hyperbolic Curves,Journ. Pure Appl. Al-
Topics in Absolute Anabelian Geometry I.pdf	4339	[Mzk3] S. Mochizuki, The Local Pro-p Anabelian Geometry of Curves,Invent. Math.
Topics in Absolute Anabelian Geometry I.pdf	4341	[Mzk4] S. Mochizuki, Extending Families of Curves over Log Regular Schemes,J. reine
Topics in Absolute Anabelian Geometry I.pdf	4344	82 SHINICHI MOCHIZUKI
Topics in Absolute Anabelian Geometry I.pdf	4345	[Mzk5] S.Mochizuki,TopicsSurroundingtheAnabelianGeometryofHyperbolicCurves,
Topics in Absolute Anabelian Geometry I.pdf	4348	[Mzk6] S. Mochizuki, The Absolute Anabelian Geometry of Hyperbolic Curves,Galois
Topics in Absolute Anabelian Geometry I.pdf	4350	[Mzk7] S. Mochizuki, The Absolute Anabelian Geometry of Canonical Curves,Kazuya
Topics in Absolute Anabelian Geometry I.pdf	4352	[Mzk8] S. Mochizuki, The Geometry of Anabelioids,Publ. Res. Inst. Math. Sci.40
Topics in Absolute Anabelian Geometry I.pdf	4354	[Mzk9] S. Mochizuki, Galois Sections in Absolute Anabelian Geometry,Nagoya Math.
Topics in Absolute Anabelian Geometry I.pdf	4356	[Mzk10] S. Mochizuki, Semi-graphs of Anabelioids, Publ. Res. Inst. Math. Sci. 42
Topics in Absolute Anabelian Geometry I.pdf	4358	[Mzk11] S. Mochizuki, Global Solvably Closed Anabelian Geometry,M a t h .J .O k a y a m a
Topics in Absolute Anabelian Geometry I.pdf	4360	[Mzk12] S. Mochizuki, A combinatorial version of the Grothendieck conjecture,Tohoku
Topics in Absolute Anabelian Geometry I.pdf	4362	[Mzk13] S. Mochizuki, Absolute anabelian cuspidalizations of proper hyperbolic curves,
Topics in Absolute Anabelian Geometry I.pdf	4364	[Mzk14] S. Mochizuki, The´Etale Theta Function and its Frobenioid-theoretic Manifes-
Topics in Absolute Anabelian Geometry I.pdf	4366	[Mzk15] S.Mochizuki, Topics in Absolute Anabelian Geometry II: Decomposition Groups
Topics in Absolute Anabelian Geometry I.pdf	4368	[MT] S. Mochizuki, A. Tamagawa, The algebraic and anabelian geometry of conﬁg-
Topics in Absolute Anabelian Geometry I.pdf	4386	TOPICS IN ABSOLUTE ANABELIAN GEOMETRY I 83
Topics in Absolute Anabelian Geometry II (comments).pdf	68	[AbsTopI] S. Mochizuki, Topics in Absolute Anabelian Geometry I: Generalities,J. Math.
Topics in Absolute Anabelian Geometry II.pdf	4379	[Mzk1] S. Mochizuki, The Geometry of the Compactiﬁcation of the Hurwitz Scheme,
Topics in Absolute Anabelian Geometry II.pdf	4381	[Mzk2] S. Mochizuki, Extending Families of Curves over Log Regular Schemes,J. reine
Topics in Absolute Anabelian Geometry II.pdf	4383	[Mzk3] S. Mochizuki, The Local Pro-p Anabelian Geometry of Curves,Invent. Math.
Topics in Absolute Anabelian Geometry II.pdf	4385	[Mzk4] S.Mochizuki,TopicsSurroundingtheAnabelianGeometryofHyperbolicCurves,
Topics in Absolute Anabelian Geometry II.pdf	4388	[Mzk5] S. Mochizuki, The Absolute Anabelian Geometry of Hyperbolic Curves,Galois
Topics in Absolute Anabelian Geometry II.pdf	4390	[Mzk6] S. Mochizuki, The Absolute Anabelian Geometry of Canonical Curves,Kazuya
Topics in Absolute Anabelian Geometry II.pdf	4392	[Mzk7] S. Mochizuki, Noncritical Belyi Maps,Math. J. Okayama Univ.46 (2004), pp.
Topics in Absolute Anabelian Geometry II.pdf	4394	[Mzk8] S. Mochizuki, Galois Sections in Absolute Anabelian Geometry,Nagoya Math.
Topics in Absolute Anabelian Geometry II.pdf	4396	[Mzk9] S. Mochizuki, Semi-graphs of Anabelioids, Publ. Res. Inst. Math. Sci. 42
Topics in Absolute Anabelian Geometry II.pdf	4398	[Mzk10] S. Mochizuki, Global Solvably Closed Anabelian Geometry,M a t h .J .O k a y a m a
Topics in Absolute Anabelian Geometry II.pdf	4400	[Mzk11] S. Mochizuki, Conformal and quasiconformal categorical representation of hy-
Topics in Absolute Anabelian Geometry II.pdf	4403	76 SHINICHI MOCHIZUKI
Topics in Absolute Anabelian Geometry II.pdf	4404	[Mzk12] S. Mochizuki, The´Etale Theta Function and its Frobenioid-theoretic Manifes-
Topics in Absolute Anabelian Geometry II.pdf	4406	[Mzk13] S. Mochizuki, A combinatorial version of the Grothendieck conjecture,Tohoku
Topics in Absolute Anabelian Geometry II.pdf	4408	[Mzk14] S. Mochizuki, Absolute anabelian cuspidalizations of proper hyperbolic curves,
Topics in Absolute Anabelian Geometry II.pdf	4410	[Mzk15] S. Mochizuki, Topics in Absolute Anabelian Geometry I: Generalities,J. Math.
Topics in Absolute Anabelian Geometry II.pdf	4412	[Mzk16] S. Mochizuki,Topics in Absolute Anabelian Geometry III: Global Reconstruc-
Topics in Absolute Anabelian Geometry II.pdf	4416	[Mzk17] Y. Hoshi and S. Mochizuki, Topics surrounding the combinatorial anabelian
Topics in Absolute Anabelian Geometry II.pdf	4420	[MT] S. Mochizuki, A. Tamagawa, The algebraic and anabelian geometry of conﬁg-
Topics in Absolute Anabelian Geometry II.pdf	4422	[SdTm] M. Saidi and A. Tamagawa, A prime-to-p version of Grothendieck’s anabelian
Topics in Absolute Anabelian Geometry III.pdf	9552	[HM1] Y. Hoshi, S. Mochizuki, On the Combinatorial Anabelian Geometry of Nodally
Topics in Absolute Anabelian Geometry III.pdf	9555	[HM2] Y. Hoshi, S. Mochizuki,Topics Surrounding the Combinatorial Anabelian Ge-
Topics in Absolute Anabelian Geometry III.pdf	9566	[Mzk1] S. Mochizuki, A Theory of Ordinaryp-adic Curves,Publ. of RIMS32 (1996),
Topics in Absolute Anabelian Geometry III.pdf	9568	[Mzk2] S.Mochizuki,AVersionoftheGrothendieckConjecturefor p-adicLocalFields,
Topics in Absolute Anabelian Geometry III.pdf	9570	[Mzk3] S. Mochizuki, Correspondences on Hyperbolic Curves,Journ. Pure Appl. Al-
Topics in Absolute Anabelian Geometry III.pdf	9572	[Mzk4] S. Mochizuki, Foundations of p-adic Teichm¨uller Theory, AMS/IP Studies
Topics in Absolute Anabelian Geometry III.pdf	9575	[Mzk5] S. Mochizuki, The Local Pro-p Anabelian Geometry of Curves,Invent. Math.
Topics in Absolute Anabelian Geometry III.pdf	9577	[Mzk6] S. Mochizuki, A Survey of the Hodge-Arakelov Theory of Elliptic Curves I,
Topics in Absolute Anabelian Geometry III.pdf	9581	[Mzk7] S. Mochizuki, A Survey of the Hodge-Arakelov Theory of Elliptic Curves II,
Topics in Absolute Anabelian Geometry III.pdf	9584	[Mzk8] S.Mochizuki,TopicsSurroundingtheAnabelianGeometryofHyperbolicCurves,
Topics in Absolute Anabelian Geometry III.pdf	9588	164 SHINICHI MOCHIZUKI
Topics in Absolute Anabelian Geometry III.pdf	9589	[Mzk9] S. Mochizuki, The Absolute Anabelian Geometry of Hyperbolic Curves,Galois
Topics in Absolute Anabelian Geometry III.pdf	9591	[Mzk10] S. Mochizuki, The Absolute Anabelian Geometry of Canonical Curves,Kazuya
Topics in Absolute Anabelian Geometry III.pdf	9593	[Mzk11] S. Mochizuki, The Geometry of Anabelioids,Publ. Res. Inst. Math. Sci.40
Topics in Absolute Anabelian Geometry III.pdf	9595	[Mzk12] S. Mochizuki, Galois Sections in Absolute Anabelian Geometry,Nagoya Math.
Topics in Absolute Anabelian Geometry III.pdf	9597	[Mzk13] S. Mochizuki, Semi-graphs of Anabelioids, Publ. Res. Inst. Math. Sci. 42
Topics in Absolute Anabelian Geometry III.pdf	9599	[Mzk14] S. Mochizuki, Conformal and Quasiconformal Categorical Representation of
Topics in Absolute Anabelian Geometry III.pdf	9601	[Mzk15] S. Mochizuki, Global Solvably Closed Anabelian Geometry,M a t h .J .O k a y a m a
Topics in Absolute Anabelian Geometry III.pdf	9603	[Mzk16] S. Mochizuki, The Geometry of Frobenioids I: The General Theory,Kyushu J.
Topics in Absolute Anabelian Geometry III.pdf	9605	[Mzk17] S. Mochizuki, The Geometry of Frobenioids II: Poly-Frobenioids,Kyushu J.
Topics in Absolute Anabelian Geometry III.pdf	9607	[Mzk18] S. Mochizuki, The´Etale Theta Function and its Frobenioid-theoretic Manifes-
Topics in Absolute Anabelian Geometry III.pdf	9609	[Mzk19] S. Mochizuki, Absolute anabelian cuspidalizations of proper hyperbolic curves,
Topics in Absolute Anabelian Geometry III.pdf	9611	[Mzk20] S. Mochizuki, Topics in Absolute Anabelian Geometry I: Generalities,J. Math.
Topics in Absolute Anabelian Geometry III.pdf	9613	[Mzk21] S.Mochizuki,TopicsinAbsoluteAnabelianGeometryII:DecompositionGroups
Topics in Absolute Anabelian Geometry III.pdf	9615	[MT] S. Mochizuki, A. Tamagawa, The algebraic and anabelian geometry of conﬁg-
Topics in Absolute Anabelian Geometry III.pdf	9619	[Pop] F. Pop, On Grothendieck’s conjecture of anabelian birational geometry,Ann.
Topics in Absolute Anabelian Geometry III.pdf	9623	[Stix] J. Stix, Aﬃne anabelian curves in positive characteristic,Compositio Math.
Topics Surrounding the Anabelian Geometry of Hyperbolic Curves.pdf	2340	[Mzk1] S. Mochizuki, The Proﬁnite Grothendieck Conjecture for Closed Hyperbolic
Topics Surrounding the Anabelian Geometry of Hyperbolic Curves.pdf	2342	[Mzk2] S. Mochizuki, The Local Pro-p Anabelian Geometry of Curves, Inv. Math. 138
Topics Surrounding the Anabelian Geometry of Hyperbolic Curves.pdf	2344	[Mzk3] S. Mochizuki, A Theory of Ordinary p-adic Curves, Publ. of RIMS 32 (1996),
Topics Surrounding the Anabelian Geometry of Hyperbolic Curves.pdf	2346	[Mzk4] S. Mochizuki, Foundations of p-adic Teichm¨uller Theory, AMS/IP Studies
Topics Surrounding the Anabelian Geometry of Hyperbolic Curves.pdf	2350	50 SHINICHI MOCHIZUKI
Topics Surrounding the Anabelian Geometry of Hyperbolic Curves.pdf	2351	[Mzk5] S. Mochizuki, A Version of the Grothendieck Conjecture forp-adic Local Fields,
Topics Surrounding the Anabelian Geometry of Hyperbolic Curves.pdf	2355	[NTM] H. Nakamura, A. Tamagawa, S. Mochizuki, The Grothendieck Conjecture on
wakabayashi-master-2011-03.pdf	2980	[4] Y. Hoshi, Absolute anabelian cuspidalizations of conﬁguration spaces of proper hyper-
wakabayashi-master-2011-03.pdf	2984	[5] Y. Hoshi and S. Mochizuki, On the combinatorial anabelian geometry of nodally nonde-
wakabayashi-master-2011-03.pdf	2994	[9] S. Mochizuki, Extending Families of Curves over Log Regular Schemes, J. reine angew.
wakabayashi-master-2011-03.pdf	2996	[10] S. Mochizuki, The absolute anabelian geometry of hyperbolic curves, in Galois theory
wakabayashi-master-2011-03.pdf	2998	[11] S. Mochizuki, Absolute anabelian cuspidalizations of proper hyperbolic curves, J. Math.
wakabayashi-master-2011-03.pdf	3000	[12] S. Mochizuki, A combinatorial version of the Grothendieck conjecture, Tohoku Math J.
wakabayashi-master-2011-03.pdf	3002	[13] S. Mochizuki, On the combinatorial cuspidalization of hyperbolic curves, Osaka J Math.
wakabayashi-master-2011-03.pdf	3004	[14] S. Mochizuki and A. Tamagawa, The algebraic and anabelian geometry of conﬁguration
wakabayashi-master-2011-03.pdf	3011	[17] H. Nakamura, N. Takao and R. Ueno, Some stability properties of Teichmuller modular
